name,adres,website,telefoon,reviews_count,reviews_average,latitude,longitude
Bistro De Bok,"In de Betouwstraat 14, 6511 GC Nijmegen",bistrodebok.nl,024 322 5540,715,4.6,51.8248789,5.7946793
Restaurant...bij de buren,"Irene Vorrinkstraat 401, 6535 NB Nijmegen",zzgzorggroep.nl,024 221 1514,79,4.3,51.8248789,5.7946793
Food2Go Nijmegen,"Couwenbergstraat 150A, 6535 RX Nijmegen",food2gonijmegen.nl,024 679 3563,50,4.8,51.8248789,5.7946793
Chinees-Indisch Restaurant De Roos,"Binnenhof 5, 6535 TM Nijmegen",chineesderoos.nl,024 355 3329,359,4.4,51.8074215,5.7521311
Café Hatert,"Couwenbergstraat 133, 6535 RX Nijmegen",,06 24257841,38,4.0,51.8074215,5.7521311
Plek Nijmegen,"Hatertseweg 23 A, 6533 AB Nijmegen",pleknijmegen.nl,024 737 0133,457,4.4,51.8074215,5.7521311
Bistro De Bok,"In de Betouwstraat 14, 6511 GC Nijmegen",bistrodebok.nl,024 322 5540,715,4.6,51.8074215,5.7521311
Restaurant...bij de buren,"Irene Vorrinkstraat 401, 6535 NB Nijmegen",zzgzorggroep.nl,024 221 1514,79,4.3,51.843641,5.7883092
Food2Go Nijmegen,"Couwenbergstraat 150A, 6535 RX Nijmegen",food2gonijmegen.nl,024 679 3563,50,4.8,51.843641,5.7883092
Café Hatert,"Couwenbergstraat 133, 6535 RX Nijmegen",,06 24257841,38,4.0,51.8074215,5.7521311
Café Eten en Drinken Lent,"Lentse Schoolstraat 61, 6663 CP Nijmegen",cafe-etenendrinken.nl,024 381 1501,676,4.3,51.862919,5.8450196
Moeke Nijmegen,"Willem van Arenbergstraat 6, 6515 AT Nijmegen",moeke.nl,024 820 0900,929,4.2,51.862919,5.8450196
Osteria Pomodoro,"Pastoor van Laakstraat 54, 6663 CB Nijmegen",osteriapomodoro.nl,024 322 4506,879,4.4,51.8797087,5.8269117
Café Restaurant Stroom Lent,"Vossenpelssestraat 16, 6663 KC Nijmegen",stroomlent.nl,024 782 0533,711,4.4,51.8797087,5.8269117
Cafe De Zon,"Oosterhoutsedijk 16, 6663 KS Nijmegen",cafedezonlent.nl,06 21350167,511,4.5,51.8797087,5.8269117
Restaurant Van der Valk Hotel Nijmegen-Lent,"Hertog Eduardplein 4, 6663 AN Nijmegen",valknijmegen.nl,024 792 0200,408,4.4,51.8541205,5.830042
Café Eten en Drinken Lent,"Lentse Schoolstraat 61, 6663 CP Nijmegen",cafe-etenendrinken.nl,024 381 1501,676,4.3,51.8541205,5.830042
Moeke Nijmegen,"Willem van Arenbergstraat 6, 6515 AT Nijmegen",moeke.nl,024 820 0900,929,4.2,51.8541205,5.830042
Restaurant Long Island,"IJweg 1270, 2133 MJ Hoofddorp",restaurantlongisland.nl,023 888 1868,1497,4.2,52.3058547,4.600938
Papa's Beach House,"IJweg 961, 2131 LV Hoofddorp",papashouses.com,023 564 2620,2178,4.1,52.2988917,4.5016433
Flames Hoofddorp,"Almkerkplein 2A, 2134 DR Hoofddorp",flameshoofddorp.nl,023 207 2058,110,4.4,52.2988917,4.5016433
Restaurant Lieveling,"Redenburgsingel 110, 2135 AC Hoofddorp",restaurant-lieveling.nl,023 555 6080,1031,4.1,52.2988917,4.5016433
AY DÖNER,"Genderenplein 18, 2134 DP Hoofddorp",aydonerhoofddorp.nl,023 750 2793,178,4.7,52.2988917,4.5016433
BARRACA Rodizio Grill & Bar,"Bosweg 19, 2131 LX Hoofddorp",barraca.nl,023 556 0051,1742,4.6,52.2988917,4.5016433
Restaurant Long Island,"IJweg 1270, 2133 MJ Hoofddorp",restaurantlongisland.nl,023 888 1868,1497,4.2,52.2988917,4.5016433
Pastanini,"Frederik Hendriklaan 79, 2582 BV Den Haag",pastanini.com,070 355 5990,2141,4.6,52.0955793,4.2631889
Restaurant Hudson Den Haag Statenkwartier,"Aert van der Goesstraat 21-23, 2582 AH Den Haag",restauranthudson.nl,070 358 5330,878,4.1,52.0955793,4.2631889
Kyatcha Den Haag,"Frederik Hendriklaan 122, 2582 BG Den Haag",kyatcha.com,070 412 7522,911,4.7,52.0955793,4.2631889
Fred Brasserie,"Frederik Hendriklaan 172, 2582 BK Den Haag",brasseriefred.nl,070 889 2847,253,4.7,52.0955793,4.2631889
Flavor's,"Willem de Zwijgerlaan 44-A, 2582 ER Den Haag",flavorsdenhaag.nl,070 404 9607,1267,4.5,52.0955793,4.2631889
Il Peperoncino Trattoria,"Frederik Hendriklaan 127, 2582 BX Den Haag",ilpeperoncino.nl,070 737 0511,6,5.0,52.0955793,4.2631889
Cafetaria Houtwijk,"Gerrit van der Veenlaan 47, 2552 WE Den Haag",cafetaria-houtwijk.nl,070 391 0175,188,4.3,52.0955716,4.2322891
Grill Restaurant Samira II,"Gerrit van der Veenlaan 45, 2552 WE Den Haag",samira-houtwijk.nl,070 397 2686,106,3.7,52.0549306,4.1775599
Happy Garden,"Hildo Kroplaan 104, 2552 XT Den Haag",wokhappygarden.nl,070 391 2977,233,4.1,52.0549306,4.1775599
Palermo Ristorante Pizzeria,"Forellendaal 304, 2553 LM Den Haag",ristorante-pizzeria-palermo.nl,070 397 9071,465,4.3,52.0549306,4.1775599
Joann's Surinaamse specialiteiten,"Hildo Kroplaan 95, 2552 XP Den Haag",,070 758 4406,92,4.5,52.0549306,4.1775599
Bistro Café Loft,"Pomonaplein 49A, 2564 XS Den Haag",loftdenhaag.nl,070 225 3569,422,4.6,52.0549306,4.1775599
Cafetaria Houtwijk,"Gerrit van der Veenlaan 47, 2552 WE Den Haag",cafetaria-houtwijk.nl,070 391 0175,188,4.3,52.0549306,4.1775599
BUZA Restaurant,"Valkenbosplein 10, 2563 CA Den Haag",restaurant-buza.com,070 363 0609,108,4.8,52.0549162,4.1775599
Check another page,"Valkenbosplein 10, 2563 CA Den Haag",restaurant-buza.com,070 363 0609,519,4.4,52.0549162,4.1775599
Café Franklin,"Valkenbosplein 24, 2562 BH Den Haag",cafefranklin.nl,070 785 1412,778,4.4,52.0549162,4.1775599
Eritrees restaurant Finjal,"Weimarstraat 52A, 2562 GZ Den Haag",finjal.nl,070 362 6343,20,5.0,52.0549162,4.1775599
Café Buuf • Eten & Drinken •,"Copernicusplein 1, 2561 VN Den Haag",,070 887 2399,165,4.6,52.0549162,4.1775599
De Kleine Weimar,"Weimarstraat 406A, 2562 HX Den Haag",eetcafekleineweimar.weebly.com,06 42849569,474,4.4,52.0549162,4.1775599
HUmmUS Den Haag,"Prins Hendrikstraat 60, 2518 HT Den Haag",ilovehummus.nl,070 888 1546,419,4.7,52.0824137,4.2922076
Mozza e Mezze,"Prins Hendrikplein 22, 2518 JC Den Haag",mozzamezze.nl,06 14662394,29,4.6,52.0817055,4.2842091
Café-Restaurant Kamer,"Zoutmanstraat 8A, 2518 GP Den Haag",mymenuweb.com,06 39623164,82,4.8,52.0817055,4.2842091
Cafe Pomegranate,"Prins Hendrikstraat 113, 2518 HM Den Haag",,06 25191293,223,4.7,52.0817055,4.2842091
Vincenzo's - Zeeheldenkwartier,"Prins Hendrikstraat 75, 2518 HL Den Haag",vincenzos.nl,070 217 7060,698,4.5,52.0817055,4.2842091
L'amour Toujours,"Prins Hendrikplein 10, 2518 JB Den Haag",lamour-toujours.nl,070 239 0028,160,4.5,52.0817055,4.2842091
HUmmUS Den Haag,"Prins Hendrikstraat 60, 2518 HT Den Haag",ilovehummus.nl,070 888 1546,419,4.7,52.0817055,4.2842091
Cafe Pomegranate,"Prins Hendrikstraat 113, 2518 HM Den Haag",,06 25191293,223,4.7,52.0817055,4.2842091
مطعم سقطرى اليمن - Socotra Restaurant,"Van der Vennestraat 31, 2525 CA Den Haag",socotrarestaurant.nl,06 33333316,23,4.9,52.0817036,4.2687594
LORR Café & Restaurant,"Hobbemaplein 99, 2526 JD Den Haag",restaurantlorr.nl,070 406 4949,249,4.0,52.0817036,4.2687594
Café-Restaurant Kamer,"Zoutmanstraat 8A, 2518 GP Den Haag",mymenuweb.com,06 39623164,82,4.8,52.0817036,4.2687594
Shakshuka Restaurant and Bar,"Prinsestraat 73A, 2513 CB Den Haag",instagram.com,06 34544577,619,4.8,52.0817036,4.2687594
Hotspot Food Factory,"Hoefkade 1004, 2525 LJ Den Haag",,070 785 4190,2,5.0,52.0817036,4.2687594
Café Restaurant Corner,"Schalk Burgerstraat 424, 2572 TK Den Haag",facebook.com,06 81139495,33,4.8,52.0817036,4.2687594
مطعم سقطرى اليمن - Socotra Restaurant,"Van der Vennestraat 31, 2525 CA Den Haag",socotrarestaurant.nl,06 33333316,23,4.9,52.0602359,4.257824
LORR Café & Restaurant,"Hobbemaplein 99, 2526 JD Den Haag",restaurantlorr.nl,070 406 4949,249,4.0,52.0602359,4.257824
Café-Restaurant Kamer,"Zoutmanstraat 8A, 2518 GP Den Haag",mymenuweb.com,06 39623164,82,4.8,52.0602359,4.257824
Shakshuka Restaurant and Bar,"Prinsestraat 73A, 2513 CB Den Haag",instagram.com,06 34544577,619,4.8,52.0810303,4.259956
Hotspot Food Factory,"Hoefkade 1004, 2525 LJ Den Haag",,070 785 4190,2,5.0,52.0810303,4.259956
Café Restaurant Corner,"Schalk Burgerstraat 424, 2572 TK Den Haag",facebook.com,06 81139495,33,4.8,52.0810303,4.259956
Koolmees Haga,"Els Borst-Eilersplein 6, 2545 AA Den Haag",koolmeeshaga.nl,06 44433335,92,4.4,52.0810267,4.259956
LOSH Restaurant,"Johanna Naberweg 5, 2533 SE Den Haag",losh.nl,070 200 7474,2421,4.0,52.0570947,4.2288213
Eethuis Leyenburger,"Escamplaan 283, 2547 EA Den Haag",,070 205 0003,33,4.5,52.0565408,4.2494689
New SIDE RESTAURANT,"Leyweg 595E, 2545 GH Den Haag",,06 48404553,75,4.2,52.0565408,4.2494689
Restaurant Borj Den Haag 2 -2 مطعم البرج دنهاخ,"Leyweg 890, 2545 GT Den Haag",,070 743 3087,270,3.9,52.0565408,4.2494689
مطعم البيت اليمني Yemeni House Restaurant,"Almeloplein 27, 2533 AB Den Haag",yemenihouse.nl,06 16626636,733,4.7,52.0565408,4.2494689
Koolmees Haga,"Els Borst-Eilersplein 6, 2545 AA Den Haag",koolmeeshaga.nl,06 44433335,92,4.4,52.0565408,4.2494689
Eethuis Leyenburger,"Escamplaan 283, 2547 EA Den Haag",,070 205 0003,33,4.5,52.0570947,4.2288213
New SIDE RESTAURANT,"Leyweg 595E, 2545 GH Den Haag",,06 48404553,75,4.2,52.0565408,4.2494689
Restaurant Borj Den Haag 2 -2 مطعم البرج دنهاخ,"Leyweg 890, 2545 GT Den Haag",,070 743 3087,270,3.9,52.0565408,4.2494689
Lunchroom De luxe,"Volendamlaan 690, 2547 CK Den Haag",,070 323 1107,142,4.6,52.0565408,4.2494689
Chinees Indisch Restaurant Fong Shou,"Leyweg 533, 2545 GG Den Haag",fongshoudenhaag.nl,070 321 1857,634,4.4,52.061946,4.2330061
Sinar Djaya Toko,"Maartensdijklaan 42, 2541 XR Den Haag",,070 211 0859,126,4.4,52.061946,4.2330061
Ruud's Visboetiek,"Soestdijkseplein 8, 2574 GX Den Haag",,070 365 1052,631,4.4,52.061946,4.2330061
Bistro Café Loft,"Pomonaplein 49A, 2564 XS Den Haag",loftdenhaag.nl,070 225 3569,422,4.6,52.061946,4.2330061
Laventa Restaurant pizzeria,"Kempstraat 141, 2572 GD Den Haag",,070 211 1141,17,5.0,52.061946,4.2330061
Koolmees Haga,"Els Borst-Eilersplein 6, 2545 AA Den Haag",koolmeeshaga.nl,06 44433335,92,4.4,52.0649859,4.2561844
Eethuis Leyenburger,"Escamplaan 283, 2547 EA Den Haag",,070 205 0003,33,4.5,52.0570947,4.2288213
New SIDE RESTAURANT,"Leyweg 595E, 2545 GH Den Haag",,06 48404553,75,4.2,52.0565408,4.2494689
Restaurant Borj Den Haag 2 -2 مطعم البرج دنهاخ,"Leyweg 890, 2545 GT Den Haag",,070 743 3087,270,3.9,52.0565408,4.2494689
Lunchroom De luxe,"Volendamlaan 690, 2547 CK Den Haag",,070 323 1107,142,4.6,52.0565408,4.2494689
Sinar Djaya Toko,"Maartensdijklaan 42, 2541 XR Den Haag",,070 211 0859,126,4.4,52.061946,4.2330061
Ruud's Visboetiek,"Soestdijkseplein 8, 2574 GX Den Haag",,070 365 1052,631,4.4,52.061946,4.2330061
Laventa Restaurant pizzeria,"Kempstraat 141, 2572 GD Den Haag",,070 211 1141,17,5.0,52.061946,4.2330061
LOSH Restaurant,"Johanna Naberweg 5, 2533 SE Den Haag",losh.nl,070 200 7474,2421,4.0,52.0649859,4.2561844
Eethuis Leyenburger,"Escamplaan 283, 2547 EA Den Haag",,070 205 0003,33,4.5,52.0570947,4.2288213
New SIDE RESTAURANT,"Leyweg 595E, 2545 GH Den Haag",,06 48404553,75,4.2,52.0570947,4.2288213
Restaurant Borj Den Haag 2 -2 مطعم البرج دنهاخ,"Leyweg 890, 2545 GT Den Haag",,070 743 3087,270,3.9,52.0570947,4.2288213
مطعم البيت اليمني Yemeni House Restaurant,"Almeloplein 27, 2533 AB Den Haag",yemenihouse.nl,06 16626636,733,4.7,52.0570947,4.2288213
Lunchroom De luxe,"Volendamlaan 690, 2547 CK Den Haag",,070 323 1107,142,4.6,52.0570947,4.2288213
Chinees Indisch Restaurant Fong Shou,"Leyweg 533, 2545 GG Den Haag",fongshoudenhaag.nl,070 321 1857,634,4.4,52.0570947,4.2288213
Sinar Djaya Toko,"Maartensdijklaan 42, 2541 XR Den Haag",,070 211 0859,126,4.4,52.0570947,4.2288213
Ruud's Visboetiek,"Soestdijkseplein 8, 2574 GX Den Haag",,070 365 1052,631,4.4,52.0570947,4.2288213
Bistro Café Loft,"Pomonaplein 49A, 2564 XS Den Haag",loftdenhaag.nl,070 225 3569,422,4.6,52.0570947,4.2288213
Laventa Restaurant pizzeria,"Kempstraat 141, 2572 GD Den Haag",,070 211 1141,17,5.0,52.0570947,4.2288213
LOSH Restaurant,"Johanna Naberweg 5, 2533 SE Den Haag",losh.nl,070 200 7474,2421,4.0,52.0571164,4.2288966
Eethuis Leyenburger,"Escamplaan 283, 2547 EA Den Haag",,070 205 0003,33,4.5,52.0565408,4.2494689
New SIDE RESTAURANT,"Leyweg 595E, 2545 GH Den Haag",,06 48404553,75,4.2,52.0565408,4.2494689
Restaurant Borj Den Haag 2 -2 مطعم البرج دنهاخ,"Leyweg 890, 2545 GT Den Haag",,070 743 3087,270,3.9,52.0565408,4.2494689
Lunchroom De luxe,"Volendamlaan 690, 2547 CK Den Haag",,070 323 1107,142,4.6,52.0565408,4.2494689
Sinar Djaya Toko,"Maartensdijklaan 42, 2541 XR Den Haag",,070 211 0859,126,4.4,52.061946,4.2330061
Ruud's Visboetiek,"Soestdijkseplein 8, 2574 GX Den Haag",,070 365 1052,631,4.4,52.061946,4.2330061
Laventa Restaurant pizzeria,"Kempstraat 141, 2572 GD Den Haag",,070 211 1141,17,5.0,52.061946,4.2330061
Eethuis Leyenburger,"Escamplaan 283, 2547 EA Den Haag",,070 205 0003,33,4.5,52.0570947,4.2288213
New SIDE RESTAURANT,"Leyweg 595E, 2545 GH Den Haag",,06 48404553,75,4.2,52.0570947,4.2288213
Restaurant Borj Den Haag 2 -2 مطعم البرج دنهاخ,"Leyweg 890, 2545 GT Den Haag",,070 743 3087,270,3.9,52.0570947,4.2288213
Lunchroom De luxe,"Volendamlaan 690, 2547 CK Den Haag",,070 323 1107,142,4.6,52.0570947,4.2288213
Sinar Djaya Toko,"Maartensdijklaan 42, 2541 XR Den Haag",,070 211 0859,126,4.4,52.0570947,4.2288213
Ruud's Visboetiek,"Soestdijkseplein 8, 2574 GX Den Haag",,070 365 1052,631,4.4,52.0570947,4.2288213
Laventa Restaurant pizzeria,"Kempstraat 141, 2572 GD Den Haag",,070 211 1141,17,5.0,52.0570947,4.2288213
Eethuis Leyenburger,"Escamplaan 283, 2547 EA Den Haag",,070 205 0003,33,4.5,52.0570947,4.2288213
New SIDE RESTAURANT,"Leyweg 595E, 2545 GH Den Haag",,06 48404553,75,4.2,52.0570947,4.2288213
Restaurant Borj Den Haag 2 -2 مطعم البرج دنهاخ,"Leyweg 890, 2545 GT Den Haag",,070 743 3087,270,3.9,52.0570947,4.2288213
Lunchroom De luxe,"Volendamlaan 690, 2547 CK Den Haag",,070 323 1107,142,4.6,52.0570947,4.2288213
Sinar Djaya Toko,"Maartensdijklaan 42, 2541 XR Den Haag",,070 211 0859,126,4.4,52.0570947,4.2288213
Ruud's Visboetiek,"Soestdijkseplein 8, 2574 GX Den Haag",,070 365 1052,631,4.4,52.0570947,4.2288213
Laventa Restaurant pizzeria,"Kempstraat 141, 2572 GD Den Haag",,070 211 1141,17,5.0,52.0570947,4.2288213
Eethuis Leyenburger,"Escamplaan 283, 2547 EA Den Haag",,070 205 0003,33,4.5,52.0570947,4.2288213
New SIDE RESTAURANT,"Leyweg 595E, 2545 GH Den Haag",,06 48404553,75,4.2,52.0570947,4.2288213
Restaurant Borj Den Haag 2 -2 مطعم البرج دنهاخ,"Leyweg 890, 2545 GT Den Haag",,070 743 3087,270,3.9,52.0570947,4.2288213
Lunchroom De luxe,"Volendamlaan 690, 2547 CK Den Haag",,070 323 1107,142,4.6,52.0570947,4.2288213
Sinar Djaya Toko,"Maartensdijklaan 42, 2541 XR Den Haag",,070 211 0859,126,4.4,52.0570947,4.2288213
Ruud's Visboetiek,"Soestdijkseplein 8, 2574 GX Den Haag",,070 365 1052,631,4.4,52.0570947,4.2288213
Laventa Restaurant pizzeria,"Kempstraat 141, 2572 GD Den Haag",,070 211 1141,17,5.0,52.0570947,4.2288213
Eethuis Leyenburger,"Escamplaan 283, 2547 EA Den Haag",,070 205 0003,33,4.5,52.0570947,4.2288213
New SIDE RESTAURANT,"Leyweg 595E, 2545 GH Den Haag",,06 48404553,75,4.2,52.0570947,4.2288213
Restaurant Borj Den Haag 2 -2 مطعم البرج دنهاخ,"Leyweg 890, 2545 GT Den Haag",,070 743 3087,270,3.9,52.0570947,4.2288213
Lunchroom De luxe,"Volendamlaan 690, 2547 CK Den Haag",,070 323 1107,142,4.6,52.0570947,4.2288213
Sinar Djaya Toko,"Maartensdijklaan 42, 2541 XR Den Haag",,070 211 0859,126,4.4,52.0570947,4.2288213
Ruud's Visboetiek,"Soestdijkseplein 8, 2574 GX Den Haag",,070 365 1052,631,4.4,52.0570947,4.2288213
Laventa Restaurant pizzeria,"Kempstraat 141, 2572 GD Den Haag",,070 211 1141,17,5.0,52.0570947,4.2288213
Laventa Restaurant pizzeria,"Kempstraat 141, 2572 GD Den Haag",,070 211 1141,17,5.0,52.0649859,4.2561844
Eethuis Leyenburger,"Escamplaan 283, 2547 EA Den Haag",,070 205 0003,33,4.5,52.0570947,4.2288213
New SIDE RESTAURANT,"Leyweg 595E, 2545 GH Den Haag",,06 48404553,75,4.2,52.0565408,4.2494689
Restaurant Borj Den Haag 2 -2 مطعم البرج دنهاخ,"Leyweg 890, 2545 GT Den Haag",,070 743 3087,270,3.9,52.0565408,4.2494689
Lunchroom De luxe,"Volendamlaan 690, 2547 CK Den Haag",,070 323 1107,142,4.6,52.0565408,4.2494689
Sinar Djaya Toko,"Maartensdijklaan 42, 2541 XR Den Haag",,070 211 0859,126,4.4,52.061946,4.2330061
Ruud's Visboetiek,"Soestdijkseplein 8, 2574 GX Den Haag",,070 365 1052,631,4.4,52.061946,4.2330061
Laventa Restaurant pizzeria,"Kempstraat 141, 2572 GD Den Haag",,070 211 1141,17,5.0,52.061946,4.2330061
LOSH Restaurant,"Johanna Naberweg 5, 2533 SE Den Haag",losh.nl,070 200 7474,2421,4.0,52.0573574,4.2297321
Eethuis Leyenburger,"Escamplaan 283, 2547 EA Den Haag",,070 205 0003,33,4.5,52.0565408,4.2494689
New SIDE RESTAURANT,"Leyweg 595E, 2545 GH Den Haag",,06 48404553,75,4.2,52.0565408,4.2494689
Restaurant Borj Den Haag 2 -2 مطعم البرج دنهاخ,"Leyweg 890, 2545 GT Den Haag",,070 743 3087,270,3.9,52.0565408,4.2494689
Lunchroom De luxe,"Volendamlaan 690, 2547 CK Den Haag",,070 323 1107,142,4.6,52.0565408,4.2494689
Sinar Djaya Toko,"Maartensdijklaan 42, 2541 XR Den Haag",,070 211 0859,126,4.4,52.061946,4.2330061
Ruud's Visboetiek,"Soestdijkseplein 8, 2574 GX Den Haag",,070 365 1052,631,4.4,52.061946,4.2330061
Laventa Restaurant pizzeria,"Kempstraat 141, 2572 GD Den Haag",,070 211 1141,17,5.0,52.061946,4.2330061
Eethuis Leyenburger,"Escamplaan 283, 2547 EA Den Haag",,070 205 0003,33,4.5,52.0570947,4.2288213
New SIDE RESTAURANT,"Leyweg 595E, 2545 GH Den Haag",,06 48404553,75,4.2,52.0570947,4.2288213
Restaurant Borj Den Haag 2 -2 مطعم البرج دنهاخ,"Leyweg 890, 2545 GT Den Haag",,070 743 3087,270,3.9,52.0570947,4.2288213
Lunchroom De luxe,"Volendamlaan 690, 2547 CK Den Haag",,070 323 1107,142,4.6,52.0570947,4.2288213
Sinar Djaya Toko,"Maartensdijklaan 42, 2541 XR Den Haag",,070 211 0859,126,4.4,52.0570947,4.2288213
Ruud's Visboetiek,"Soestdijkseplein 8, 2574 GX Den Haag",,070 365 1052,631,4.4,52.0570947,4.2288213
Laventa Restaurant pizzeria,"Kempstraat 141, 2572 GD Den Haag",,070 211 1141,17,5.0,52.0570947,4.2288213
Koolmees Haga,"Els Borst-Eilersplein 6, 2545 AA Den Haag",koolmeeshaga.nl,06 44433335,92,4.4,52.0570947,4.2288213
Eethuis Leyenburger,"Escamplaan 283, 2547 EA Den Haag",,070 205 0003,33,4.5,52.0570947,4.2288213
New SIDE RESTAURANT,"Leyweg 595E, 2545 GH Den Haag",,06 48404553,75,4.2,52.0570947,4.2288213
Restaurant Borj Den Haag 2 -2 مطعم البرج دنهاخ,"Leyweg 890, 2545 GT Den Haag",,070 743 3087,270,3.9,52.0570947,4.2288213
Lunchroom De luxe,"Volendamlaan 690, 2547 CK Den Haag",,070 323 1107,142,4.6,52.0570947,4.2288213
Sinar Djaya Toko,"Maartensdijklaan 42, 2541 XR Den Haag",,070 211 0859,126,4.4,52.0570947,4.2288213
Ruud's Visboetiek,"Soestdijkseplein 8, 2574 GX Den Haag",,070 365 1052,631,4.4,52.0570947,4.2288213
Laventa Restaurant pizzeria,"Kempstraat 141, 2572 GD Den Haag",,070 211 1141,17,5.0,52.0570947,4.2288213
Eethuis Leyenburger,"Escamplaan 283, 2547 EA Den Haag",,070 205 0003,33,4.5,52.0570947,4.2288213
New SIDE RESTAURANT,"Leyweg 595E, 2545 GH Den Haag",,06 48404553,75,4.2,52.0570947,4.2288213
Restaurant Borj Den Haag 2 -2 مطعم البرج دنهاخ,"Leyweg 890, 2545 GT Den Haag",,070 743 3087,270,3.9,52.0570947,4.2288213
Lunchroom De luxe,"Volendamlaan 690, 2547 CK Den Haag",,070 323 1107,142,4.6,52.0570947,4.2288213
Sinar Djaya Toko,"Maartensdijklaan 42, 2541 XR Den Haag",,070 211 0859,126,4.4,52.0570947,4.2288213
Ruud's Visboetiek,"Soestdijkseplein 8, 2574 GX Den Haag",,070 365 1052,631,4.4,52.0570947,4.2288213
Laventa Restaurant pizzeria,"Kempstraat 141, 2572 GD Den Haag",,070 211 1141,17,5.0,52.0570947,4.2288213
Eethuis Leyenburger,"Escamplaan 283, 2547 EA Den Haag",,070 205 0003,33,4.5,52.0570947,4.2288213
New SIDE RESTAURANT,"Leyweg 595E, 2545 GH Den Haag",,06 48404553,75,4.2,52.0570947,4.2288213
Restaurant Borj Den Haag 2 -2 مطعم البرج دنهاخ,"Leyweg 890, 2545 GT Den Haag",,070 743 3087,270,3.9,52.0570947,4.2288213
Lunchroom De luxe,"Volendamlaan 690, 2547 CK Den Haag",,070 323 1107,142,4.6,52.0570947,4.2288213
Sinar Djaya Toko,"Maartensdijklaan 42, 2541 XR Den Haag",,070 211 0859,126,4.4,52.0570947,4.2288213
Ruud's Visboetiek,"Soestdijkseplein 8, 2574 GX Den Haag",,070 365 1052,631,4.4,52.0570947,4.2288213
Laventa Restaurant pizzeria,"Kempstraat 141, 2572 GD Den Haag",,070 211 1141,17,5.0,52.0570947,4.2288213
Eethuis Leyenburger,"Escamplaan 283, 2547 EA Den Haag",,070 205 0003,33,4.5,52.0570947,4.2288213
New SIDE RESTAURANT,"Leyweg 595E, 2545 GH Den Haag",,06 48404553,75,4.2,52.0570947,4.2288213
Restaurant Borj Den Haag 2 -2 مطعم البرج دنهاخ,"Leyweg 890, 2545 GT Den Haag",,070 743 3087,270,3.9,52.0570947,4.2288213
Lunchroom De luxe,"Volendamlaan 690, 2547 CK Den Haag",,070 323 1107,142,4.6,52.0570947,4.2288213
Sinar Djaya Toko,"Maartensdijklaan 42, 2541 XR Den Haag",,070 211 0859,126,4.4,52.0570947,4.2288213
Ruud's Visboetiek,"Soestdijkseplein 8, 2574 GX Den Haag",,070 365 1052,631,4.4,52.0570947,4.2288213
Laventa Restaurant pizzeria,"Kempstraat 141, 2572 GD Den Haag",,070 211 1141,17,5.0,52.0570947,4.2288213
Eethuis Leyenburger,"Escamplaan 283, 2547 EA Den Haag",,070 205 0003,33,4.5,52.0570947,4.2288213
New SIDE RESTAURANT,"Leyweg 595E, 2545 GH Den Haag",,06 48404553,75,4.2,52.0570947,4.2288213
Restaurant Borj Den Haag 2 -2 مطعم البرج دنهاخ,"Leyweg 890, 2545 GT Den Haag",,070 743 3087,270,3.9,52.0570947,4.2288213
Lunchroom De luxe,"Volendamlaan 690, 2547 CK Den Haag",,070 323 1107,142,4.6,52.0570947,4.2288213
Sinar Djaya Toko,"Maartensdijklaan 42, 2541 XR Den Haag",,070 211 0859,126,4.4,52.0570947,4.2288213
Ruud's Visboetiek,"Soestdijkseplein 8, 2574 GX Den Haag",,070 365 1052,631,4.4,52.0570947,4.2288213
Laventa Restaurant pizzeria,"Kempstraat 141, 2572 GD Den Haag",,070 211 1141,17,5.0,52.0570947,4.2288213
Eethuis Leyenburger,"Escamplaan 283, 2547 EA Den Haag",,070 205 0003,33,4.5,52.0570947,4.2288213
New SIDE RESTAURANT,"Leyweg 595E, 2545 GH Den Haag",,06 48404553,75,4.2,52.0570947,4.2288213
Restaurant Borj Den Haag 2 -2 مطعم البرج دنهاخ,"Leyweg 890, 2545 GT Den Haag",,070 743 3087,270,3.9,52.0570947,4.2288213
Lunchroom De luxe,"Volendamlaan 690, 2547 CK Den Haag",,070 323 1107,142,4.6,52.0570947,4.2288213
Sinar Djaya Toko,"Maartensdijklaan 42, 2541 XR Den Haag",,070 211 0859,126,4.4,52.0570947,4.2288213
Ruud's Visboetiek,"Soestdijkseplein 8, 2574 GX Den Haag",,070 365 1052,631,4.4,52.0570947,4.2288213
Laventa Restaurant pizzeria,"Kempstraat 141, 2572 GD Den Haag",,070 211 1141,17,5.0,52.0570947,4.2288213
Eethuis Leyenburger,"Escamplaan 283, 2547 EA Den Haag",,070 205 0003,33,4.5,52.0565408,4.2494689
New SIDE RESTAURANT,"Leyweg 595E, 2545 GH Den Haag",,06 48404553,75,4.2,52.0565408,4.2494689
Restaurant Borj Den Haag 2 -2 مطعم البرج دنهاخ,"Leyweg 890, 2545 GT Den Haag",,070 743 3087,270,3.9,52.0565408,4.2494689
Lunchroom De luxe,"Volendamlaan 690, 2547 CK Den Haag",,070 323 1107,142,4.6,52.0565408,4.2494689
Sinar Djaya Toko,"Maartensdijklaan 42, 2541 XR Den Haag",,070 211 0859,126,4.4,52.061946,4.2330061
Ruud's Visboetiek,"Soestdijkseplein 8, 2574 GX Den Haag",,070 365 1052,631,4.4,52.061946,4.2330061
Koolmees Haga,"Els Borst-Eilersplein 6, 2545 AA Den Haag",koolmeeshaga.nl,06 44433335,92,4.4,52.061946,4.2330061
LOSH Restaurant,"Johanna Naberweg 5, 2533 SE Den Haag",losh.nl,070 200 7474,2421,4.0,52.061946,4.2330061
Eethuis Leyenburger,"Escamplaan 283, 2547 EA Den Haag",,070 205 0003,33,4.5,52.061946,4.2330061
New SIDE RESTAURANT,"Leyweg 595E, 2545 GH Den Haag",,06 48404553,75,4.2,52.061946,4.2330061
Restaurant Borj Den Haag 2 -2 مطعم البرج دنهاخ,"Leyweg 890, 2545 GT Den Haag",,070 743 3087,270,3.9,52.061946,4.2330061
مطعم البيت اليمني Yemeni House Restaurant,"Almeloplein 27, 2533 AB Den Haag",yemenihouse.nl,06 16626636,733,4.7,52.061946,4.2330061
Lunchroom De luxe,"Volendamlaan 690, 2547 CK Den Haag",,070 323 1107,142,4.6,52.061946,4.2330061
Sinar Djaya Toko,"Maartensdijklaan 42, 2541 XR Den Haag",,070 211 0859,126,4.4,52.061946,4.2330061
Ruud's Visboetiek,"Soestdijkseplein 8, 2574 GX Den Haag",,070 365 1052,631,4.4,52.061946,4.2330061
Laventa Restaurant pizzeria,"Kempstraat 141, 2572 GD Den Haag",,070 211 1141,17,5.0,52.061946,4.2330061
Eethuis Leyenburger,"Escamplaan 283, 2547 EA Den Haag",,070 205 0003,33,4.5,52.0570947,4.2288213
New SIDE RESTAURANT,"Leyweg 595E, 2545 GH Den Haag",,06 48404553,75,4.2,52.0570947,4.2288213
Restaurant Borj Den Haag 2 -2 مطعم البرج دنهاخ,"Leyweg 890, 2545 GT Den Haag",,070 743 3087,270,3.9,52.0570947,4.2288213
Lunchroom De luxe,"Volendamlaan 690, 2547 CK Den Haag",,070 323 1107,142,4.6,52.0570947,4.2288213
Sinar Djaya Toko,"Maartensdijklaan 42, 2541 XR Den Haag",,070 211 0859,126,4.4,52.0570947,4.2288213
Ruud's Visboetiek,"Soestdijkseplein 8, 2574 GX Den Haag",,070 365 1052,631,4.4,52.0570947,4.2288213
Laventa Restaurant pizzeria,"Kempstraat 141, 2572 GD Den Haag",,070 211 1141,17,5.0,52.0570947,4.2288213
LOSH Restaurant,"Johanna Naberweg 5, 2533 SE Den Haag",losh.nl,070 200 7474,2421,4.0,52.057181,4.2291206
Eethuis Leyenburger,"Escamplaan 283, 2547 EA Den Haag",,070 205 0003,33,4.5,52.0565408,4.2494689
New SIDE RESTAURANT,"Leyweg 595E, 2545 GH Den Haag",,06 48404553,75,4.2,52.0565408,4.2494689
Restaurant Borj Den Haag 2 -2 مطعم البرج دنهاخ,"Leyweg 890, 2545 GT Den Haag",,070 743 3087,270,3.9,52.0565408,4.2494689
Lunchroom De luxe,"Volendamlaan 690, 2547 CK Den Haag",,070 323 1107,142,4.6,52.0565408,4.2494689
Sinar Djaya Toko,"Maartensdijklaan 42, 2541 XR Den Haag",,070 211 0859,126,4.4,52.061946,4.2330061
Ruud's Visboetiek,"Soestdijkseplein 8, 2574 GX Den Haag",,070 365 1052,631,4.4,52.061946,4.2330061
Laventa Restaurant pizzeria,"Kempstraat 141, 2572 GD Den Haag",,070 211 1141,17,5.0,52.061946,4.2330061
Eethuis Leyenburger,"Escamplaan 283, 2547 EA Den Haag",,070 205 0003,33,4.5,52.0570947,4.2288213
New SIDE RESTAURANT,"Leyweg 595E, 2545 GH Den Haag",,06 48404553,75,4.2,52.0570947,4.2288213
Restaurant Borj Den Haag 2 -2 مطعم البرج دنهاخ,"Leyweg 890, 2545 GT Den Haag",,070 743 3087,270,3.9,52.0570947,4.2288213
Lunchroom De luxe,"Volendamlaan 690, 2547 CK Den Haag",,070 323 1107,142,4.6,52.0570947,4.2288213
Sinar Djaya Toko,"Maartensdijklaan 42, 2541 XR Den Haag",,070 211 0859,126,4.4,52.0570947,4.2288213
Ruud's Visboetiek,"Soestdijkseplein 8, 2574 GX Den Haag",,070 365 1052,631,4.4,52.0570947,4.2288213
Laventa Restaurant pizzeria,"Kempstraat 141, 2572 GD Den Haag",,070 211 1141,17,5.0,52.0570947,4.2288213
Eethuis Leyenburger,"Escamplaan 283, 2547 EA Den Haag",,070 205 0003,33,4.5,52.0570947,4.2288213
New SIDE RESTAURANT,"Leyweg 595E, 2545 GH Den Haag",,06 48404553,75,4.2,52.0570947,4.2288213
Restaurant Borj Den Haag 2 -2 مطعم البرج دنهاخ,"Leyweg 890, 2545 GT Den Haag",,070 743 3087,270,3.9,52.0570947,4.2288213
Lunchroom De luxe,"Volendamlaan 690, 2547 CK Den Haag",,070 323 1107,142,4.6,52.0570947,4.2288213
Sinar Djaya Toko,"Maartensdijklaan 42, 2541 XR Den Haag",,070 211 0859,126,4.4,52.0570947,4.2288213
Ruud's Visboetiek,"Soestdijkseplein 8, 2574 GX Den Haag",,070 365 1052,631,4.4,52.0570947,4.2288213
Laventa Restaurant pizzeria,"Kempstraat 141, 2572 GD Den Haag",,070 211 1141,17,5.0,52.0570947,4.2288213
Eethuis Leyenburger,"Escamplaan 283, 2547 EA Den Haag",,070 205 0003,33,4.5,52.0565408,4.2494689
New SIDE RESTAURANT,"Leyweg 595E, 2545 GH Den Haag",,06 48404553,75,4.2,52.0565408,4.2494689
Restaurant Borj Den Haag 2 -2 مطعم البرج دنهاخ,"Leyweg 890, 2545 GT Den Haag",,070 743 3087,270,3.9,52.0565408,4.2494689
مطعم البيت اليمني Yemeni House Restaurant,"Volendamlaan 690, 2547 CK Den Haag",,070 323 1107,142,4.6,52.0565408,4.2494689
Sinar Djaya Toko,"Maartensdijklaan 42, 2541 XR Den Haag",,070 211 0859,126,4.4,52.061946,4.2330061
Ruud's Visboetiek,"Soestdijkseplein 8, 2574 GX Den Haag",,070 365 1052,631,4.4,52.061946,4.2330061
Laventa Restaurant pizzeria,"Kempstraat 141, 2572 GD Den Haag",,070 211 1141,17,5.0,52.061946,4.2330061
LOSH Restaurant,"Johanna Naberweg 5, 2533 SE Den Haag",losh.nl,070 200 7474,2421,4.0,52.0565408,4.2494689
New SIDE RESTAURANT,"Leyweg 595E, 2545 GH Den Haag",,06 48404553,75,4.2,52.0565408,4.2494689
Restaurant Borj Den Haag 2 -2 مطعم البرج دنهاخ,"Leyweg 890, 2545 GT Den Haag",,070 743 3087,270,3.9,52.0565408,4.2494689
Lunchroom De luxe,"Volendamlaan 690, 2547 CK Den Haag",,070 323 1107,142,4.6,52.0565408,4.2494689
Sinar Djaya Toko,"Maartensdijklaan 42, 2541 XR Den Haag",,070 211 0859,126,4.4,52.061946,4.2330061
Ruud's Visboetiek,"Soestdijkseplein 8, 2574 GX Den Haag",,070 365 1052,631,4.4,52.061946,4.2330061
Laventa Restaurant pizzeria,"Kempstraat 141, 2572 GD Den Haag",,070 211 1141,17,5.0,52.061946,4.2330061
Eethuis Leyenburger,"Escamplaan 283, 2547 EA Den Haag",,070 205 0003,33,4.5,52.0570947,4.2288213
New SIDE RESTAURANT,"Leyweg 595E, 2545 GH Den Haag",,06 48404553,75,4.2,52.0570947,4.2288213
Restaurant Borj Den Haag 2 -2 مطعم البرج دنهاخ,"Leyweg 890, 2545 GT Den Haag",,070 743 3087,270,3.9,52.0570947,4.2288213
Lunchroom De luxe,"Volendamlaan 690, 2547 CK Den Haag",,070 323 1107,142,4.6,52.0570947,4.2288213
Sinar Djaya Toko,"Maartensdijklaan 42, 2541 XR Den Haag",,070 211 0859,126,4.4,52.0570947,4.2288213
Ruud's Visboetiek,"Soestdijkseplein 8, 2574 GX Den Haag",,070 365 1052,631,4.4,52.0570947,4.2288213
Laventa Restaurant pizzeria,"Kempstraat 141, 2572 GD Den Haag",,070 211 1141,17,5.0,52.0570947,4.2288213
Koolmees Haga,"Els Borst-Eilersplein 6, 2545 AA Den Haag",koolmeeshaga.nl,06 44433335,92,4.4,52.0573569,4.2297305
Eethuis Leyenburger,"Escamplaan 283, 2547 EA Den Haag",,070 205 0003,33,4.5,52.0565408,4.2494689
New SIDE RESTAURANT,"Leyweg 595E, 2545 GH Den Haag",,06 48404553,75,4.2,52.0565408,4.2494689
Restaurant Borj Den Haag 2 -2 مطعم البرج دنهاخ,"Leyweg 890, 2545 GT Den Haag",,070 743 3087,270,3.9,52.0565408,4.2494689
Lunchroom De luxe,"Volendamlaan 690, 2547 CK Den Haag",,070 323 1107,142,4.6,52.0565408,4.2494689
Sinar Djaya Toko,"Maartensdijklaan 42, 2541 XR Den Haag",,070 211 0859,126,4.4,52.061946,4.2330061
Ruud's Visboetiek,"Soestdijkseplein 8, 2574 GX Den Haag",,070 365 1052,631,4.4,52.061946,4.2330061
Laventa Restaurant pizzeria,"Kempstraat 141, 2572 GD Den Haag",,070 211 1141,17,5.0,52.061946,4.2330061
Eethuis Leyenburger,"Escamplaan 283, 2547 EA Den Haag",,070 205 0003,33,4.5,52.0570947,4.2288213
New SIDE RESTAURANT,"Leyweg 595E, 2545 GH Den Haag",,06 48404553,75,4.2,52.0570947,4.2288213
Restaurant Borj Den Haag 2 -2 مطعم البرج دنهاخ,"Leyweg 890, 2545 GT Den Haag",,070 743 3087,270,3.9,52.0570947,4.2288213
Lunchroom De luxe,"Volendamlaan 690, 2547 CK Den Haag",,070 323 1107,142,4.6,52.0570947,4.2288213
Sinar Djaya Toko,"Maartensdijklaan 42, 2541 XR Den Haag",,070 211 0859,126,4.4,52.0570947,4.2288213
Ruud's Visboetiek,"Soestdijkseplein 8, 2574 GX Den Haag",,070 365 1052,631,4.4,52.0570947,4.2288213
Laventa Restaurant pizzeria,"Kempstraat 141, 2572 GD Den Haag",,070 211 1141,17,5.0,52.0570947,4.2288213
LOSH Restaurant,"Johanna Naberweg 5, 2533 SE Den Haag",losh.nl,070 200 7474,2421,4.0,52.0572878,4.2294909
Eethuis Leyenburger,"Escamplaan 283, 2547 EA Den Haag",,070 205 0003,33,4.5,52.0565408,4.2494689
New SIDE RESTAURANT,"Leyweg 595E, 2545 GH Den Haag",,06 48404553,75,4.2,52.0565408,4.2494689
Restaurant Borj Den Haag 2 -2 مطعم البرج دنهاخ,"Leyweg 890, 2545 GT Den Haag",,070 743 3087,270,3.9,52.0565408,4.2494689
Lunchroom De luxe,"Volendamlaan 690, 2547 CK Den Haag",,070 323 1107,142,4.6,52.0565408,4.2494689
Lunchroom De luxe,"Volendamlaan 690, 2547 CK Den Haag",,070 323 1107,142,4.6,52.061946,4.2330061
Sinar Djaya Toko,"Maartensdijklaan 42, 2541 XR Den Haag",,070 211 0859,126,4.4,52.061946,4.2330061
Ruud's Visboetiek,"Soestdijkseplein 8, 2574 GX Den Haag",,070 365 1052,631,4.4,52.061946,4.2330061
Laventa Restaurant pizzeria,"Kempstraat 141, 2572 GD Den Haag",,070 211 1141,17,5.0,52.061946,4.2330061
Man's Garden,"Laan van Wateringse Veld 70, 2548 CC Den Haag",mansgarden.nl,070 329 3145,213,3.6,52.0565372,4.2494689
Hudson Den Haag Zuid,"Poeldijkseweg 47, 2544 NS Den Haag",hudsondenhaagzuid.nl,070 262 0620,1635,3.9,52.0342697,4.248867
Pizzeria & Dönerhuis De Gaarde,"Vrederustlaan 123, 2543 SM Den Haag",eethuisdegaarde.nl,070 220 9679,144,4.2,52.0281029,4.2177221
Tadinda Cigköfte,"Leyweg 867, 2545 HB Den Haag",instagram.com,06 38333905,107,4.8,52.0281029,4.2177221
Brasserie de Rhijenhof,"Noordweg 44A, 2548 AC Den Haag",rhijenhof.nl,0174 295 975,22,4.4,52.0442128,4.244644
New SIDE RESTAURANT,"Leyweg 595E, 2545 GH Den Haag",,06 48404553,75,4.2,52.0442128,4.244644
Man's Garden,"Laan van Wateringse Veld 70, 2548 CC Den Haag",mansgarden.nl,070 329 3145,213,3.6,52.0442128,4.244644
Hudson Den Haag Zuid,"Poeldijkseweg 47, 2544 NS Den Haag",hudsondenhaagzuid.nl,070 262 0620,1635,3.9,52.0442128,4.244644
LOSH Restaurant,"Johanna Naberweg 5, 2533 SE Den Haag",losh.nl,070 200 7474,2421,4.0,52.0441823,4.1828432
Cleopatra,"Goeverneurlaan 155, 2523 BD Den Haag",,06 41533809,1,5.0,52.0441823,4.1828432
Oud Hollands Friethuis Laak,"Lorentzplein, 2522 EA Den Haag",,,11,4.3,52.0441823,4.1828432
Za-Ad Sushi,"Goeverneurlaan 162, 2523 BP Den Haag",za-adsushi.nl,070 415 8192,20,4.8,52.0441823,4.1828432
Samen Lezen Samen Eten,"Rijswijkseweg 252, 2516 EN Den Haag",,06 28024008,0,0.0,52.0441823,4.1828432
Samen Lezen Samen Eten,"Rijswijkseweg 252, 2516 EN Den Haag",,06 28024008,4,5.0,52.0441823,4.1828432
Cleopatra,"Goeverneurlaan 155, 2523 BD Den Haag",,06 41533809,1,5.0,52.0441823,4.1828432
Oud Hollands Friethuis Laak,"Lorentzplein, 2522 EA Den Haag",,,11,4.3,52.0441823,4.1828432
Samen Lezen Samen Eten,"Rijswijkseweg 252, 2516 EN Den Haag",,06 28024008,0,0.0,52.0441823,4.1828432
Bar Laak,"Tweede Lulofsdwarsstraat 2, 2521 BE Den Haag",laak.club,,4,5.0,52.0441823,4.1828432
Damas Restaurant Den haag,"Goeverneurlaan 702, 2523 CS Den Haag",damas-restaurant.com,070 743 0353,890,3.7,52.0441823,4.1828432
Café Bistro Jules,"Kon. Emmakade 118A, 2518 JJ Den Haag",mymenuweb.com,070 345 4060,475,4.5,52.0441823,4.1828432
Restaurant Elea,"Noordeinde 142, 2514 GP Den Haag",restaurantelea.nl,070 214 3860,388,4.8,52.0441823,4.1828432
Mirîşk Chicken,"Laakweg, 2521 SC Den Haag",,,23,3.3,52.0441823,4.1828432
Restaurant Oker,"Denneweg 71, 2514 CE Den Haag",restaurantoker.nl,070 364 5453,646,4.4,52.0441823,4.1828432
Prikkel,"Vlierboomstraat 509, 2564 JG Den Haag",prikkelmee.nl,06 14994788,48,4.6,52.0441823,4.1828432
LOSH Restaurant,"Johanna Naberweg 5, 2533 SE Den Haag",losh.nl,070 200 7474,2421,4.0,52.0676336,4.1105003
Cleopatra,"Goeverneurlaan 155, 2523 BD Den Haag",,06 41533809,1,5.0,52.0676336,4.1105003
Oud Hollands Friethuis Laak,"Lorentzplein, 2522 EA Den Haag",,,11,4.3,52.0676336,4.1105003
Za-Ad Sushi,"Goeverneurlaan 162, 2523 BP Den Haag",za-adsushi.nl,070 415 8192,20,4.8,52.0611214,4.1836364
Samen Lezen Samen Eten,"Rijswijkseweg 252, 2516 EN Den Haag",,06 28024008,0,0.0,52.0611214,4.1836364
Samen Lezen Samen Eten,"Rijswijkseweg 252, 2516 EN Den Haag",,06 28024008,4,5.0,52.0611214,4.1836364
Damas Restaurant Den haag,"Goeverneurlaan 702, 2523 CS Den Haag",damas-restaurant.com,070 743 0353,890,3.7,52.0611214,4.1836364
Café Bistro Jules,"Kon. Emmakade 118A, 2518 JJ Den Haag",mymenuweb.com,070 345 4060,475,4.5,52.0611214,4.1836364
Restaurant Elea,"Noordeinde 142, 2514 GP Den Haag",restaurantelea.nl,070 214 3860,388,4.8,52.0611214,4.1836364
Mirîşk Chicken,"Laakweg, 2521 SC Den Haag",,,23,3.3,52.0611214,4.1836364
Restaurant Oker,"Denneweg 71, 2514 CE Den Haag",restaurantoker.nl,070 364 5453,646,4.4,52.0611214,4.1836364
Prikkel,"Vlierboomstraat 509, 2564 JG Den Haag",prikkelmee.nl,06 14994788,48,4.6,52.0611214,4.1836364
Restaurant PEX,"Evert Wijtemaweg 5, 2565 AA Den Haag",pex.nl,070 325 7125,1378,4.1,52.0676336,4.1105003
pizzeria Rembrandt,"Lorentzplein 7, 2522 EB Den Haag",rembrandt.foodticket.nl,070 322 9967,62,4.2,52.0676336,4.1105003
"Café ""De Laak""","Verheeskade 20, 2521 BN Den Haag",koffiehuisdelaak.nl,070 388 3304,120,4.7,52.0610456,4.1833826
Bar Bistro De Twee Heeren,"Oude Molstraat 6, 2513 BB Den Haag",barbistrodetweeheeren.nl,070 331 1179,748,4.3,52.0610456,4.1833826
Rotishop Pamir,"Goeverneurlaan 160, 2523 BD Den Haag",rajrotishopdenhaag.nl,070 399 5253,0,0.0,52.0610456,4.1833826
EL MAMMA BBQ | Den Haag,"Grote Marktstraat 15, 2511 BH Den Haag",elmammabbq.nl,070 393 5023,5813,4.8,52.0610456,4.1833826
LOSH Restaurant,"Johanna Naberweg 5, 2533 SE Den Haag",losh.nl,070 200 7474,2421,4.0,52.0610456,4.1833826
Cleopatra,"Goeverneurlaan 155, 2523 BD Den Haag",,06 41533809,1,5.0,52.0610456,4.1833826
Oud Hollands Friethuis Laak,"Lorentzplein, 2522 EA Den Haag",,,11,4.3,52.0610456,4.1833826
Za-Ad Sushi,"Goeverneurlaan 162, 2523 BP Den Haag",za-adsushi.nl,070 415 8192,20,4.8,52.0610456,4.1833826
Samen Lezen Samen Eten,"Rijswijkseweg 252, 2516 EN Den Haag",,06 28024008,0,0.0,52.0610456,4.1833826
Bar Laak,"Tweede Lulofsdwarsstraat 2, 2521 BE Den Haag",laak.club,,4,5.0,52.0610456,4.1833826
Damas Restaurant Den haag,"Goeverneurlaan 702, 2523 CS Den Haag",damas-restaurant.com,070 743 0353,890,3.7,52.0610456,4.1833826
Café Bistro Jules,"Kon. Emmakade 118A, 2518 JJ Den Haag",mymenuweb.com,070 345 4060,475,4.5,52.0610456,4.1833826
Restaurant Elea,"Noordeinde 142, 2514 GP Den Haag",restaurantelea.nl,070 214 3860,388,4.8,52.0610456,4.1833826
Mirîşk Chicken,"Laakweg, 2521 SC Den Haag",,,23,3.3,52.0610456,4.1833826
Restaurant Oker,"Denneweg 71, 2514 CE Den Haag",restaurantoker.nl,070 364 5453,646,4.4,52.0610456,4.1833826
Prikkel,"Vlierboomstraat 509, 2564 JG Den Haag",prikkelmee.nl,06 14994788,48,4.6,52.0610456,4.1833826
"Café ""De Laak""","Verheeskade 20, 2521 BN Den Haag",koffiehuisdelaak.nl,070 388 3304,120,4.7,52.0676336,4.1105003
Yemeni Restaurant - المطعم اليمني,"Oosterkade 119, 3011 TV Rotterdam",yemenirestaurant.nl,06 55333555,1529,4.4,51.917415,4.4769516
Umami by Han Rotterdam,"Binnenrotte 140, 3011 HC Rotterdam",umami-restaurant.com,010 433 3139,1020,4.5,51.917415,4.4769516
Pesca Rotterdam,"Botersloot 125, 3011 HE Rotterdam",pesca.restaurant,010 307 1381,993,4.6,51.9226586,4.4679245
O'Pazzo Blaak,"Mariniersweg 90, 3011 NV Rotterdam",opazzo.nl,010 282 7107,2324,4.4,51.9226586,4.4679245
Loetje Rotterdam Centrum,"Binnenrotte 192, 3011 HC Rotterdam",loetje.nl,010 268 1869,1588,4.3,51.9226586,4.4679245
THOMS Restaurant & Underground Bar,"Meent 131-129, 3011 JH Rotterdam",thoms.nu,010 210 9435,1844,4.2,51.9226586,4.4679245
Yemeni Restaurant - المطعم اليمني,"Oosterkade 119, 3011 TV Rotterdam",yemenirestaurant.nl,06 55333555,1529,4.4,51.9226586,4.4679245
Umami by Han Rotterdam,"Binnenrotte 140, 3011 HC Rotterdam",umami-restaurant.com,010 433 3139,1020,4.5,51.9190081,4.4786754
Kervansaray,"Mathenesserweg 2, 3026 HA Rotterdam",restaurantkervansaray.nl,010 415 6629,492,4.5,51.922651,4.4370247
Meram,"Mathenesserplein 91, 3023 LA Rotterdam",meram.nl,010 478 0643,784,3.9,51.9159761,4.3705824
Durum Evi,"Mathenesserweg 1A, 3027 HC Rotterdam",durumevi.nl,010 223 0870,540,4.1,51.9159761,4.3705824
Maras Lezzet Restaurant,"Mathenesserweg 64C, 3026 HE Rotterdam",,010 848 1419,113,4.6,51.9159761,4.3705824
Restaurant Frits,"Piet Heynsplein 25A, 3024 RJ Rotterdam",restaurantfrits.nl,010 477 3025,219,4.8,51.9159761,4.3705824
Café Het Kasteel,"Bilderdijkstraat 125, 3027 SH Rotterdam",,,25,3.7,51.9159761,4.3705824
Kervansaray,"Mathenesserweg 2, 3026 HA Rotterdam",restaurantkervansaray.nl,010 415 6629,492,4.5,51.9159761,4.3705824
Maras Lezzet Restaurant,"Mathenesserweg 64C, 3026 HE Rotterdam",,010 848 1419,113,4.6,51.9159761,4.3705824
Café Het Kasteel,"Bilderdijkstraat 125, 3027 SH Rotterdam",,,25,3.7,51.9159761,4.3705824
West Grill,"Nieuwe Binnenweg 426, 3023 EX Rotterdam",westgrillhuis.nl,06 81027374,225,4.7,51.9159617,4.3705824
Dahlak,"Nieuwe Binnenweg 360B, 3023 ES Rotterdam",dahlak.nl,010 341 3921,288,4.8,51.9159617,4.3705824
EAUX POSSE,"Galileistraat 15, 3029 AL Rotterdam",eauxposse.nl,010 307 2323,160,4.8,51.9159617,4.3705824
Meram,"Mathenesserplein 91, 3023 LA Rotterdam",meram.nl,010 478 0643,784,3.9,51.9159617,4.3705824
Grand Café Wester Paviljoen,"Mathenesserlaan 157, 3015 CJ Rotterdam",westerpaviljoen.nl,010 436 2645,2070,4.2,51.9159617,4.3705824
by Jarmusch-West,"Nieuwe Binnenweg 575, 3023 EP Rotterdam",byjarmusch.nl,010 600 4200,190,4.3,51.9159617,4.3705824
Portugalia Tasca Rotterdam,"2e Middellandstraat 2B, 3021 BM Rotterdam",portugaliatasca.nl,06 30831921,440,4.5,51.9159473,4.3705823
Café Marseille,"1e Middellandstraat 16B, 3014 BD Rotterdam",cafemarseille.nl,010 841 3081,516,4.4,51.9159473,4.3705823
Bahlna Restaurant,"1e Middellandstraat 23B, 3014 BB Rotterdam",bahlnarestaurant.com,06 82594383,40,5.0,51.9159473,4.3705823
Miracle Restaurant,"1e Middellandstraat 23B, 3014 BB Rotterdam",miraclerestaurant.nl,06 82594383,19,4.8,51.9159473,4.3705823
سوبر ماركت العائلة NB Familie Eethuis,"1e Middellandstraat 101a, 3021 BD Rotterdam",,010 229 2474,81,4.9,51.9159473,4.3705823
Rainarai Rotterdam,"1e Middellandstraat 134, 3021 BJ Rotterdam",rainarai.nl,010 503 6190,237,4.1,51.9159473,4.3705823
Het Statencafe,"Statenweg 134D, 3039 JM Rotterdam",statencafe.nl,010 720 1600,288,4.4,51.915933,4.3705823
Bistrot-Bar Frère,"Statenweg 66A, 3039 JG Rotterdam",bistrotbarfrere.nl,010 210 8852,178,4.6,51.915933,4.3705823
Breakfast in Rotterdam HQ,"Stadhoudersweg 96D, 3039 CJ Rotterdam",breakfastinrotterdam.nl,06 58875252,492,4.8,51.915933,4.3705823
La Pizza Noord,"Bentinckplein 1-3, 3039 KL Rotterdam",lapizza.nl,010 890 0710,775,4.3,51.915933,4.3705823
Van Der Valk Hotel Rotterdam - Blijdorp,"Energieweg 2, 3041 JC Rotterdam",hotel-rotterdam-blijdorp.nl,010 298 8777,2882,4.0,51.915933,4.3705823
Caraïbisch cafe,"Oceanium Diergaarde Blijdorp, Rotterdam",,,9,3.6,51.915933,4.3705823
"Brasserie Uit 't Zuiden, Rotterdam Noord, Oude Noorden","Noordsingel 121, 3035 EN Rotterdam",brasserieuithetzuiden.nl,010 818 9334,164,4.6,51.9329582,4.469711
Cappadocia restaurant,"Zwart Janstraat 52, 3035 AV Rotterdam",cappadoarestaurantrotterdam.nl,010 302 0075,151,4.7,51.932057,4.4574353
Bistro Diepnoord,"Bergweg 80, 3036 BD Rotterdam",diepnoord.nl,010 767 0060,150,4.5,51.932057,4.4574353
Destino,"Zaagmolenkade 37, 3035 KA Rotterdam",restaurant-destino.nl,010 842 2059,794,4.5,51.932057,4.4574353
Destino,"Zaagmolenkade 37, 3035 KA Rotterdam",restaurant-destino.nl,010 842 2059,794,4.5,51.9353221,4.4463922
Eetcafé Trefpunt Rotterdam,"Soetendaalsekade 59B, 3036 EB Rotterdam",trefpunt-rotterdam.nl,010 467 0361,870,4.6,51.9353221,4.4463922
"Brasserie Uit 't Zuiden, Rotterdam Noord, Oude Noorden","Noordsingel 121, 3035 EN Rotterdam",brasserieuithetzuiden.nl,010 818 9334,164,4.6,51.9353221,4.4463922
Cappadocia restaurant,"Zwart Janstraat 52, 3035 AV Rotterdam",cappadoarestaurantrotterdam.nl,010 302 0075,151,4.7,51.9353221,4.4463922
Bistro Diepnoord,"Bergweg 80, 3036 BD Rotterdam",diepnoord.nl,010 767 0060,150,4.5,51.9353221,4.4463922
Mevrouw Meijer,"Gerard Scholtenstraat 37B, 3035 SC Rotterdam",mevrouwmeijer.nl,010 466 3367,275,4.6,51.9353221,4.4463922
Alhambra Restaurant,"Noordmolenstraat 75A, 3035 RH Rotterdam",facebook.com,010 230 7808,162,4.2,51.9353221,4.4463922
Bistro Zino,"Zwaanshals 265, 3035 KG Rotterdam",zinourbanbistro.nl,06 36173859,174,4.6,51.9353221,4.4463922
Bar Bistro LOEVetDIE,"Zwaanshals 341A, 3035 KL Rotterdam",bistroloevetdie.nl,010 321 2127,162,4.5,51.9353221,4.4463922
Restaurant Tosca,"1e Pijnackerstraat 120B, 3035 GW Rotterdam",restauranttosca.nl,010 237 2589,472,4.7,51.9353221,4.4463922
Restaurant Gibraltar,"Zwart Janstraat 101, 3035 AN Rotterdam",,06 45623684,17,4.9,51.9353221,4.4463922
Brasserie In 't Oude Noorden,"Benthemplein 15, 3032 CC Rotterdam",zadkine.nl,,22,4.5,51.9353221,4.4463922
Brasserie In 't Oude Noorden,"Benthemplein 15, 3032 CC Rotterdam",zadkine.nl,,22,4.5,51.9353221,4.4463922
Peppel Eten & Drinken,"Rododendronplein 10, 3053 ES Rotterdam",peppeletenendrinken.nl,010 226 0484,553,4.1,51.9353185,4.4463921
Tokootje,"Peppelweg 112 a, 3053 GS Rotterdam",tokootje.com,010 203 5217,87,4.8,51.960145,4.4373874
Brasserie Thuis,"Hoge Limiet 275, 3053 KT Rotterdam",brasseriethuis.nl,010 333 5720,285,4.6,51.960145,4.4373874
Da Gianfranco,"Teldersweg 271, 3052 TJ Rotterdam",dagianfranco.nl,010 418 1035,619,4.5,51.960145,4.4373874
Afhaalrestaurant A-Yee,"Kerstroosstraat 11, 3053 EB Rotterdam",webl.me,010 422 6253,182,4.7,51.960145,4.4373874
De Gouden Snor eten & drinken,"Kleiweg 177a, 3051 XH Rotterdam",mymenuweb.com,010 418 4813,435,4.4,51.960145,4.4373874
Peppel Eten & Drinken,"Rododendronplein 10, 3053 ES Rotterdam",peppeletenendrinken.nl,010 226 0484,553,4.1,51.960145,4.4373874
Finca,"Oudedijk 222B, 3061 AT Rotterdam",fincarotterdam.nl,010 261 5222,442,4.3,51.9601144,4.3755866
Van Stralen,"Oudedijk 110, 3061 AN Rotterdam",etenbijvanstralen.nl,010 414 8883,234,4.5,51.9601144,4.3755866
Brasserie Woodz,"Langepad 9, 3062 CJ Rotterdam",brasseriewoodz.nl,010 212 1665,1544,4.2,51.9601144,4.3755866
Bomm Bar Bistro,"Oudedijk 217B, 3061 AG Rotterdam",bomm.nl,010 846 5125,358,4.6,51.9601144,4.3755866
Vis op de Dijk,"Oudedijk 235A, 3061 AH Rotterdam",visopdedijk.nl,010 236 4809,614,4.7,51.9601144,4.3755866
Restaurant Orlena,"Goudse Rijweg 16, 3061 DC Rotterdam",restaurantorlena.nl,010 254 5506,135,4.8,51.9601144,4.3755866
Het Witte Paard,"Groenezoom 245, 3075 GD Rotterdam",hetwittepaardrotterdam.nl,06 48219931,149,4.5,51.8904447,4.4858636
Vishandel Vreewijk,"Groenezoom 277, 3075 GE Rotterdam",,010 844 9675,156,4.6,51.8904447,4.4858636
Rustburcht,"Strevelsweg 744-746, 3083 AT Rotterdam",rustburcht.nl,010 481 2313,329,4.1,51.8904447,4.4858636
LISA,"Annie M.G. Schmidtplein 4, 3083 NZ Rotterdam",lisarotterdam.nl,010 410 3208,1129,4.4,51.8876444,4.4572178
Lounge Restaurant Sultan,"Zuidplein 109, 3083 CN Rotterdam",sultanrotterdam.nl,010 485 9100,2352,4.2,51.8876444,4.4572178
Nguyen’s Kitchen Rotterdam,"Gooilandsingel 101, 3083 DP Rotterdam",nguyenskitchenrotterdam.com,010 229 1137,333,4.5,51.8876444,4.4572178
Het Witte Paard,"Groenezoom 245, 3075 GD Rotterdam",hetwittepaardrotterdam.nl,06 48219931,149,4.5,51.8876444,4.4572178
Vishandel Vreewijk,"Groenezoom 277, 3075 GE Rotterdam",,010 844 9675,156,4.6,51.8852425,4.4757602
Rustburcht,"Strevelsweg 744-746, 3083 AT Rotterdam",rustburcht.nl,010 481 2313,329,4.1,51.8852425,4.4757602
Restaurant Baskent,"Putselaan 242-244, 3073 JP Rotterdam",baskentrestaurant.net,010 485 6126,1732,4.7,51.8876408,4.4572178
Konyali Restaurant,"Putsebocht 113, 3073 HE Rotterdam",konyali.nl,010 484 6348,729,4.2,51.8876408,4.4572178
Marshaale Restaurant,"Marentakstraat 10 A, 3073 JK Rotterdam",,06 42029016,7,5.0,51.8876408,4.4572178
Restaurant Mio Papà,"Mijnsherenlaan 9, 3081 GA Rotterdam",miopapa.nl,010 236 0300,265,4.0,51.8876408,4.4572178
Taibah Restaurant & Catering | مطعم طيبة,"Brede Hilledijk 132, 3072 NE Rotterdam",taibahrestaurant.nl,010 846 0795,410,4.5,51.8876408,4.4572178
Marshaale Restaurant,"Marentakstraat 10A, 3073 JK Rotterdam",,06 42029016,0,0.0,51.8876408,4.4572178
Marshaale Restaurant,"Marentakstraat 10 A, 3073 JK Rotterdam",,06 42029016,7,5.0,51.8876408,4.4572178
Marshaale Restaurant,"Marentakstraat 10A, 3073 JK Rotterdam",,06 42029016,0,0.0,51.8876408,4.4572178
Marshaale Restaurant,"Marentakstraat 10 A, 3073 JK Rotterdam",,06 42029016,7,5.0,51.8876408,4.4572178
Marshaale Restaurant,"Marentakstraat 10A, 3073 JK Rotterdam",,06 42029016,0,0.0,51.8876408,4.4572178
LouLou's Healthy Kitchen,"Beijerlandselaan 25D, 3074 EA Rotterdam",louloushealthykitchen.nl,010 845 8160,139,4.8,51.8876372,4.4572178
Mevlana Restaurant,"Beijerlandselaan 15, 3074 EA Rotterdam",mevlanarestaurant.nl,010 486 3705,317,4.3,51.8876372,4.4572178
Emirdag koftecisi,"Beijerlandselaan 157, 3074 EG Rotterdam",,010 818 3511,386,4.7,51.8876372,4.4572178
Botao by Modelo Fusion,"Beijerlandselaan 153, 3074 EG Rotterdam",,06 15208597,68,4.8,51.8876372,4.4572178
Simit and Cheese,"Beijerlandselaan 44A, 3074 EK Rotterdam",simitandcheese.nl,010 311 8181,2196,4.6,51.8876372,4.4572178
Restaurant Baskent,"Putselaan 242-244, 3073 JP Rotterdam",baskentrestaurant.net,010 485 6126,1732,4.7,51.8876372,4.4572178
Emirdag koftecisi,"Beijerlandselaan 157, 3074 EG Rotterdam",,010 818 3511,386,4.7,51.8876372,4.4572178
Botao by Modelo Fusion,"Beijerlandselaan 153, 3074 EG Rotterdam",,06 15208597,68,4.8,51.8876372,4.4572178
Emirdag koftecisi,"Beijerlandselaan 157, 3074 EG Rotterdam",,010 818 3511,386,4.7,51.8876372,4.4572178
Botao by Modelo Fusion,"Beijerlandselaan 153, 3074 EG Rotterdam",,06 15208597,68,4.8,51.8876372,4.4572178
De Oude Plek,"Pliniusstraat 18, 3076 AH Rotterdam",deoudeplek.nl,010 432 7420,594,4.7,51.8876066,4.3954169
Restaurant Thailand,"Zenostraat 208, 3076 AZ Rotterdam",eetcafethailand.nl,010 751 3788,620,4.7,51.8876066,4.3954169
Eterij & Tapperij Café het Haantje,"Bierens de Haanweg 12, 3076 DC Rotterdam",cafehethaantje.nl,010 419 7776,577,4.3,51.8876066,4.3954169
Sanna op Zuid,"Van Langendonckstraat 51, 3076 SH Rotterdam",sannaopzuid.nl,06 11323134,204,4.8,51.8876066,4.3954169
Wah Ying,"Bierens de Haanweg 34-36, 3076 DC Rotterdam",wahying.nl,010 432 7837,293,4.0,51.8876066,4.3954169
Grillroom Bol Bol Lombardijen,"Pliniusstraat 26, 3076 AH Rotterdam",bolbol.nl,010 432 2668,244,3.6,51.8876066,4.3954169
Die Kaiser,"Ruigewaard 55, 3078 AV Rotterdam",diekaiser.nl,010 479 0009,505,4.5,51.8879807,4.5191756
Cafe-Restaurant De Gouden Leeuw,"IJsselmondsehoofd 1, 3077 BP Rotterdam",goudenleeuwijsselmonde.nl,010 482 7569,348,4.4,51.8879807,4.5191756
Highway Restaurant,"Herenwaard 2, 3078 AK Rotterdam",highwayrestaurant.nl,010 230 6461,162,3.9,51.8879807,4.5191756
De Oude Plek,"Pliniusstraat 18, 3076 AH Rotterdam",deoudeplek.nl,010 432 7420,594,4.7,51.8879807,4.5191756
Helai,"Piet Smitkade 160, 3077 MJ Rotterdam",helai.nl,010 482 3466,2216,4.3,51.8768094,4.4892141
Restaurant Smeetsland,"Pietersdijk 60, 3079 TD Rotterdam",,088 823 1003,10,3.7,51.8970018,4.4915584
Die Kaiser,"Ruigewaard 55, 3078 AV Rotterdam",diekaiser.nl,010 479 0009,505,4.5,51.8763849,4.517789
Cafe-Restaurant De Gouden Leeuw,"IJsselmondsehoofd 1, 3077 BP Rotterdam",goudenleeuwijsselmonde.nl,010 482 7569,348,4.4,51.8763849,4.517789
Highway Restaurant,"Herenwaard 2, 3078 AK Rotterdam",highwayrestaurant.nl,010 230 6461,162,3.9,51.9013528,4.5122286
De Oude Plek,"Pliniusstraat 18, 3076 AH Rotterdam",deoudeplek.nl,010 432 7420,594,4.7,51.9013528,4.5122286
Restaurant Smeetsland,"Pietersdijk 60, 3079 TD Rotterdam",,088 823 1003,10,3.7,51.8956489,4.4914013
Golden Palace,"Emelissedijk 247-249, 3079 HA Rotterdam",,010 483 1450,404,4.2,51.8763849,4.517789
Oniku Rotterdam,"Puck van Heelstraat 155, 3077 MG Rotterdam",oniku.nl,010 261 5251,796,4.0,51.8763849,4.517789
burritolekkerland.nl,"Kouwenoord 75, 3079 LG Rotterdam",burritolekkerland.nl,010 479 7800,95,4.0,51.8972923,4.4895264
Restaurant Malakka,"Puck van Heelstraat 154, 3077 MG Rotterdam",malakka.nl,010 483 3488,1430,4.1,51.883003,4.5170531
99Food,"Kreekplein 38, 3079 AB Rotterdam",,010 226 4663,14,4.4,51.8972068,4.4889522
Restaurant Thailand,"Zenostraat 208, 3076 AZ Rotterdam",eetcafethailand.nl,010 751 3788,620,4.7,51.8972068,4.4889522
Die Kaiser,"Ruigewaard 55, 3078 AV Rotterdam",diekaiser.nl,010 479 0009,505,4.5,51.8972068,4.4889522
Die Kaiser,"Ruigewaard 55, 3078 AV Rotterdam",diekaiser.nl,010 479 0009,505,4.5,51.8861053,4.5096289
Highway Restaurant,"Herenwaard 2, 3078 AK Rotterdam",highwayrestaurant.nl,010 230 6461,162,3.9,51.8861053,4.5096289
De Oude Plek,"Pliniusstraat 18, 3076 AH Rotterdam",deoudeplek.nl,010 432 7420,594,4.7,51.8861053,4.5096289
Restaurant Smeetsland,"Pietersdijk 60, 3079 TD Rotterdam",,088 823 1003,10,3.7,51.8956505,4.4914015
Golden Palace,"Emelissedijk 247-249, 3079 HA Rotterdam",,010 483 1450,404,4.2,51.8763849,4.517789
burritolekkerland.nl,"Kouwenoord 75, 3079 LG Rotterdam",burritolekkerland.nl,010 479 7800,95,4.0,51.8961547,4.4910646
Restaurant Malakka,"Puck van Heelstraat 154, 3077 MG Rotterdam",malakka.nl,010 483 3488,1430,4.1,51.8972068,4.4889522
Cafe-Restaurant De Gouden Leeuw,"IJsselmondsehoofd 1, 3077 BP Rotterdam",goudenleeuwijsselmonde.nl,010 482 7569,348,4.4,51.8972068,4.4889522
Helai,"Piet Smitkade 160, 3077 MJ Rotterdam",helai.nl,010 482 3466,2216,4.3,51.8771178,4.4898913
Restaurant Smeetsland,"Pietersdijk 60, 3079 TD Rotterdam",,088 823 1003,10,3.7,51.8970018,4.4915584
Golden Palace,"Emelissedijk 247-249, 3079 HA Rotterdam",,010 483 1450,404,4.2,51.8763849,4.517789
burritolekkerland.nl,"Kouwenoord 75, 3079 LG Rotterdam",burritolekkerland.nl,010 479 7800,95,4.0,51.8963892,4.4907475
Oud Pom Lai,"Oude Watering 282, 3077 RD Rotterdam",pomlairotterdam.nl,010 479 0231,105,3.7,51.8971762,4.4271514
Eethuis Saron,"Beesdestraat 74, 3077 HB Rotterdam",,010 314 4007,26,4.7,51.8971762,4.4271514
De Bever Bistro,"Oude Watering 290, 3077 RD Rotterdam",,010 341 5680,22,3.8,51.8971762,4.4271514
Verhage Beverwaard,"Oude Watering 274, 3077 RD Rotterdam",mijnverhage.nl,010 483 2426,260,4.0,51.8971762,4.4271514
Highway Restaurant,"Herenwaard 2, 3078 AK Rotterdam",highwayrestaurant.nl,010 230 6461,162,3.9,51.8971762,4.4271514
Popi John Internationaal,"Oude Watering 200, 3077 RD Rotterdam",,,8,4.4,51.8971762,4.4271514
Eethuis Saron,"Beesdestraat 74, 3077 HB Rotterdam",,010 314 4007,26,4.7,51.8971762,4.4271514
De Bever Bistro,"Oude Watering 290, 3077 RD Rotterdam",,010 341 5680,22,3.8,51.8971762,4.4271514
Popi John Internationaal,"Oude Watering 200, 3077 RD Rotterdam",,,8,4.4,51.8971762,4.4271514
Pizzabar by 64,"Nieuwenoord 277, 3079 LK Rotterdam",pizzabarby64.nl,06 15355528,14,5.0,51.8971762,4.4271514
Olive Garden Kitchen & Bar,"Generaal Smutsstraat 35, 2987 XW Ridderkerk",eatbu.com,0180 472 010,320,4.5,51.8971762,4.4271514
Pizzeria 010,"Oude Watering 277, 3077 RG Rotterdam",shoarmapizzeria010.nl,010 846 6505,119,3.8,51.8971762,4.4271514
Die Kaiser,"Ruigewaard 55, 3078 AV Rotterdam",diekaiser.nl,010 479 0009,505,4.5,51.8971762,4.4271514
De Oude Plek,"Pliniusstraat 18, 3076 AH Rotterdam",deoudeplek.nl,010 432 7420,594,4.7,51.8971762,4.4271514
Cafe-Restaurant De Gouden Leeuw,"IJsselmondsehoofd 1, 3077 BP Rotterdam",goudenleeuwijsselmonde.nl,010 482 7569,348,4.4,51.8971762,4.4271514
Eethuis Saron,"Beesdestraat 74, 3077 HB Rotterdam",,010 314 4007,26,4.7,51.8971762,4.4271514
De Bever Bistro,"Oude Watering 290, 3077 RD Rotterdam",,010 341 5680,22,3.8,51.8971762,4.4271514
Popi John Internationaal,"Oude Watering 200, 3077 RD Rotterdam",,,8,4.4,51.8971762,4.4271514
Jofel Prinsenland,"Mia van IJperenplein 259, 3065 JK Rotterdam",jofeletenendrinken.nl,010 447 2231,946,4.3,51.8971187,4.4271512
Samalain,"Prinsenlaan 666, 3066 KG Rotterdam",samalain.nl,010 251 8288,584,4.5,51.8971187,4.4271512
Belle Sorelle,"Prinsenlaan 101, 3067 TV Rotterdam",bellesorelle-rotterdam.nl,010 303 1281,205,4.3,51.8971187,4.4271512
Eten bij LOO,"Jan Bijloostraat 25-27, 3067 AZ Rotterdam",etenbijloo.nl,010 421 2000,547,4.1,51.8971187,4.4271512
Kwalitaria Prinsenland - Rotterdam,"Mia van IJperenplein 12, 3065 JK Rotterdam",kwalitaria.nl,010 313 4972,372,4.0,51.8971187,4.4271512
Snackbar de Prins,"Rietkerkweg 7, 3066 TN Rotterdam",,010 456 1152,45,4.8,51.8971187,4.4271512
Samalain,"Prinsenlaan 666, 3066 KG Rotterdam",samalain.nl,010 251 8288,584,4.5,51.8970611,4.427151
Eten bij LOO,"Jan Bijloostraat 25-27, 3067 AZ Rotterdam",etenbijloo.nl,010 421 2000,547,4.1,51.8970611,4.427151
Bamyan Culinary,"Jacob van Campenplein 33, 3067 LA Rotterdam",,010 840 9058,227,4.7,51.8970611,4.427151
Restaurant Cathay BV,"Martin Luther Kingweg 7, 3069 EW Rotterdam",restaurantcathay.nl,010 455 1333,2511,4.2,51.8970611,4.427151
Lake House Rotterdam,"Bergsebosdreef 6, 2661 GN Bergschenhoek",lakehouserotterdam.nl,010 223 5381,1430,4.0,51.967659,4.4097795
Waasdorp Vis Lage Land,"Samuel Esmeijerplein 39, 3067 AP Rotterdam",waasdorpvislageland.nl,010 421 2111,189,4.6,51.967659,4.4097795
Samalain,"Prinsenlaan 666, 3066 KG Rotterdam",samalain.nl,010 251 8288,584,4.5,51.967659,4.4097795
Eten bij LOO,"Jan Bijloostraat 25-27, 3067 AZ Rotterdam",etenbijloo.nl,010 421 2000,547,4.1,51.967659,4.4097795
Bamyan Culinary,"Jacob van Campenplein 33, 3067 LA Rotterdam",,010 840 9058,227,4.7,51.967659,4.4097795
Restaurant Cathay BV,"Martin Luther Kingweg 7, 3069 EW Rotterdam",restaurantcathay.nl,010 455 1333,2511,4.2,51.967659,4.4097795
T Lage Land,"Hanrathstraat 16, 3067 CH Rotterdam",cafehetlageland.eatbu.com,,57,4.5,51.967659,4.4097795
Shiki Sushi & Lounge,"Prins Alexanderlaan 37a, 3068 PN Rotterdam",restaurantshiki.com,010 720 0856,1274,4.2,51.967659,4.4097795
Eetcafé Prins Alexander,"Metaalhof 52, 3067 GM Rotterdam",eetcafeprinsalexander.nl,010 220 6111,76,3.7,51.967659,4.4097795
La Punta,"Berlagestraat 3, 3067 CB Rotterdam",lapunta.nl,010 223 1883,303,4.4,51.967659,4.4097795
Neptune,"Samuel Esmeijerplein 2, 3067 HP Rotterdam",restaurantneptune.com,010 420 5319,301,4.3,51.967659,4.4097795
Shoarma Grillroom Alexandria,"Jacob van Campenplein 63, 3067 LA Rotterdam",grillroom-alexandria.nl,010 455 5780,162,4.4,51.967659,4.4097795
Bamyan Culinary,"Jacob van Campenplein 33, 3067 LA Rotterdam",,010 840 9058,227,4.7,51.967659,4.4097795
Restaurant Cathay BV,"Martin Luther Kingweg 7, 3069 EW Rotterdam",restaurantcathay.nl,010 455 1333,2511,4.2,51.9558223,4.5164345
Otto Hahn,"Binnenhof 14, 3069 KV Rotterdam",ottohahn.nl,010 455 1188,784,4.4,51.9558223,4.5164345
Brasserie LEF,"Hesseplaats 102 a-b, 3068 EA Rotterdam",brasserie-lef.nl,010 420 1500,843,4.4,51.960334,4.4984121
Kostas de Griek,"Hesseplaats 51, 3069 EA Rotterdam",kostasdegriek.nl,010 420 4433,1086,4.2,51.960334,4.4984121
Dichtbij het hart,"Pearl Buckplaats 35, 3069 BZ Rotterdam",dichtbijhethart.nl,06 33346887,155,4.6,51.962731,4.5167601
Grillrestaurant Exodus,"Binnenhof 78, 3069 KV Rotterdam",exodusgrill.nl,010 420 9490,169,4.1,51.962731,4.5167601
Restaurant Cathay BV,"Martin Luther Kingweg 7, 3069 EW Rotterdam",restaurantcathay.nl,010 455 1333,2511,4.2,51.9603333,4.4982418
Otto Hahn,"Binnenhof 14, 3069 KV Rotterdam",ottohahn.nl,010 455 1188,784,4.4,51.967659,4.5179262
Restaurant 7Kamp,"Ambachtsplein 12, 3068 GV Rotterdam",bestellen.restaurant7kamp.nl,010 420 2058,52,4.0,51.9627274,4.5167601
Alfanos,"Rietdekkerweg 12, 3068 GW Rotterdam",alfanos.nl,010 420 7628,973,3.4,51.9651778,4.5355331
Restaurant Cathay BV,"Martin Luther Kingweg 7, 3069 EW Rotterdam",restaurantcathay.nl,010 455 1333,2511,4.2,51.9651778,4.5355331
Snackkiosk Zevenkamp,"Zevenkampseweg 20, 3068 TV Rotterdam",facebook.com,010 421 7925,305,4.5,51.967659,4.5179262
Nieuw Ambachtshuis,"Griendwerkerstraat 5, 3068 GZ Rotterdam",,06 41545724,46,4.5,51.967659,4.5179262
Que Rico Venezuelan food,"Aart van der Leeuwstraat 7, 3069 WH Rotterdam",,06 84716712,5,5.0,51.967659,4.5179262
Restaurant 7Kamp,"Ambachtsplein 12, 3068 GV Rotterdam",bestellen.restaurant7kamp.nl,010 420 2058,52,4.0,51.967659,4.5179262
Alfanos,"Rietdekkerweg 12, 3068 GW Rotterdam",alfanos.nl,010 420 7628,973,3.4,51.967659,4.5179262
Restaurant Cathay BV,"Martin Luther Kingweg 7, 3069 EW Rotterdam",restaurantcathay.nl,010 455 1333,2511,4.2,51.9658259,4.5358978
Nieuw Ambachtshuis,"Griendwerkerstraat 5, 3068 GZ Rotterdam",,06 41545724,46,4.5,51.967659,4.5179262
Que Rico Venezuelan food,"Aart van der Leeuwstraat 7, 3069 WH Rotterdam",,06 84716712,5,5.0,51.967659,4.5179262
Brasserie LEF,"Hesseplaats 102 a-b, 3068 EA Rotterdam",brasserie-lef.nl,010 420 1500,843,4.4,51.967659,4.5179262
Brasserie Lookies,"Maltaplein 2, 3059 XW Rotterdam",lookies.nl,010 222 4811,1107,4.1,51.967659,4.5179262
Verhage Zevenkamp,"Zevenkampse Ring 749-751, 3069 MD Rotterdam",mijnverhage.nl,010 421 0324,338,4.2,51.980663,4.5456931
Star Food,"Imkerstraat 12, 3068 GX Rotterdam",,010 455 6233,145,4.0,51.965512,4.526738
Storm Beachbar & Bistro,"Kosboulevard 35, 3059 XZ Rotterdam",storm-nesselande.nl,010 307 5801,230,4.0,51.965512,4.526738
Kostas de Griek,"Hesseplaats 51, 3069 EA Rotterdam",kostasdegriek.nl,010 420 4433,1086,4.2,51.965512,4.526738
Restaurant 7Kamp,"Ambachtsplein 12, 3068 GV Rotterdam",bestellen.restaurant7kamp.nl,010 420 2058,52,4.0,51.965512,4.526738
Alfanos,"Rietdekkerweg 12, 3068 GW Rotterdam",alfanos.nl,010 420 7628,973,3.4,51.965512,4.526738
Restaurant Cathay BV,"Martin Luther Kingweg 7, 3069 EW Rotterdam",restaurantcathay.nl,010 455 1333,2511,4.2,51.965512,4.526738
Snackkiosk Zevenkamp,"Zevenkampseweg 20, 3068 TV Rotterdam",facebook.com,010 421 7925,305,4.5,51.965512,4.526738
Nieuw Ambachtshuis,"Griendwerkerstraat 5, 3068 GZ Rotterdam",,06 41545724,46,4.5,51.965512,4.526738
Que Rico Venezuelan food,"Aart van der Leeuwstraat 7, 3069 WH Rotterdam",,06 84716712,5,5.0,51.965512,4.526738
Brasserie LEF,"Hesseplaats 102 a-b, 3068 EA Rotterdam",brasserie-lef.nl,010 420 1500,843,4.4,51.965512,4.526738
Brasserie Lookies,"Maltaplein 2, 3059 XW Rotterdam",lookies.nl,010 222 4811,1107,4.1,51.965512,4.526738
Verhage Zevenkamp,"Zevenkampse Ring 749-751, 3069 MD Rotterdam",mijnverhage.nl,010 421 0324,338,4.2,51.965512,4.526738
Hawaiian Poké Bowl - Rotterdam Alexandrium,"Watermanweg 351, 3067 GG Rotterdam",tastehawaiian.com,085 303 4508,113,4.8,51.9655084,4.526738
Ekmekci Alexandrium,"Watermanweg 343, 3067 GA Rotterdam",ekmekci.nl,010 236 0680,947,4.4,51.9655084,4.526738
Restaurant De Beren Rotterdam Alexandrium,"Poolsterplein 155-156, 3067 LW Rotterdam",beren.nl,010 310 4780,560,3.8,51.9655084,4.526738
Viet Foods,"Watermanweg 120, 3067 GG Rotterdam",,010 228 0075,104,4.1,51.9655084,4.526738
Viet Foods,"Watermanweg 120, 3067 GG Rotterdam",,010 228 0075,104,4.1,51.9655084,4.526738
Saté Bread and more,"Poolsterplein 167, 3067 LW Rotterdam",satebreadmore-rotterdam.nl,06 24879698,156,4.5,51.9655084,4.526738
Brasserie Lookies,"Maltaplein 2, 3059 XW Rotterdam",lookies.nl,010 222 4811,1107,4.1,51.9655048,4.526738
Guay Rotterdam,"Siciliëboulevard 710/712, 3059 XT Rotterdam",guayrotterdam.nl,0180 769 240,222,4.3,51.980663,4.5456931
Storm Beachbar & Bistro,"Kosboulevard 35, 3059 XZ Rotterdam",storm-nesselande.nl,010 307 5801,230,4.0,51.980663,4.5456931
Mamamo Nesselande,"Maltaplein 17, 3059 XW Rotterdam",mamamo.nl,010 846 0148,252,4.3,51.980663,4.5456931
Mister Pita | Heerlijk Grieks Genieten!,"Corsicalaan 27, 3059 XX Rotterdam",misterpita.nl,010 314 1151,591,4.6,51.980663,4.5456931
L'Italiano,"Siciliëboulevard 706, 3059 XT Rotterdam",l-italiano.nl,010 455 0109,214,4.1,51.980663,4.5456931
Brasserie Lookies,"Maltaplein 2, 3059 XW Rotterdam",lookies.nl,010 222 4811,1107,4.1,51.980663,4.5456931
Lounge Restaurant Sultan,"Zuidplein 109, 3083 CN Rotterdam",sultanrotterdam.nl,010 485 9100,2352,4.2,51.8903364,4.4607411
UfO Restaurant,"Doklaan 30, 3081 AD Rotterdam",uforestaurant.nl,010 313 7313,628,4.4,51.8903364,4.4607411
Restaurant Baskent,"Putselaan 242-244, 3073 JP Rotterdam",baskentrestaurant.net,010 485 6126,1732,4.7,51.8935727,4.4390616
Nguyen’s Kitchen Rotterdam,"Gooilandsingel 101, 3083 DP Rotterdam",nguyenskitchenrotterdam.com,010 229 1137,333,4.5,51.8971743,4.4598402
Restaurant Mio Papà,"Mijnsherenlaan 9, 3081 GA Rotterdam",miopapa.nl,010 236 0300,265,4.0,51.8971743,4.4598402
Restobar Ta Lois,"Grondherendijk 1, 3082 DD Rotterdam",instagram.com,010 841 3179,63,4.9,51.8971743,4.4598402
Lounge Restaurant Sultan,"Zuidplein 109, 3083 CN Rotterdam",sultanrotterdam.nl,010 485 9100,2352,4.2,51.8944815,4.4295464
Lounge Restaurant Sultan,"Zuidplein 109, 3083 CN Rotterdam",sultanrotterdam.nl,010 485 9100,2352,4.2,51.8891038,4.4556033
La Hermana,"Havenhoofd 23, 2993 EK Barendrecht",lahermana.nl,0180 210 210,513,4.6,51.8971707,4.4598402
Beymen Rotterdam Zuidplein - Restaurant & Café,"Zuidplein 116, 3083 CX Rotterdam",beymenrotterdam.nl,010 760 6030,2099,4.1,51.8466364,4.4610855
UfO Restaurant,"Doklaan 30, 3081 AD Rotterdam",uforestaurant.nl,010 313 7313,628,4.4,51.8893512,4.4520901
LISA,"Annie M.G. Schmidtplein 4, 3083 NZ Rotterdam",lisarotterdam.nl,010 410 3208,1129,4.4,51.8893512,4.4520901
Restaurant De Drie Geboden,"Havenhoofd 19, 2993 EK Barendrecht",dedriegeboden.nl,0180 618 664,401,4.3,51.8893512,4.4520901
Lounge Restaurant Sultan,"Zuidplein 109, 3083 CN Rotterdam",sultanrotterdam.nl,010 485 9100,2352,4.2,51.8467313,4.4612178
La Hermana,"Havenhoofd 23, 2993 EK Barendrecht",lahermana.nl,0180 210 210,513,4.6,51.8891038,4.4556033
Beymen Rotterdam Zuidplein - Restaurant & Café,"Zuidplein 116, 3083 CX Rotterdam",beymenrotterdam.nl,010 760 6030,2099,4.1,51.8893512,4.4520901
Lounge Restaurant Sultan,"Zuidplein 109, 3083 CN Rotterdam",sultanrotterdam.nl,010 485 9100,2352,4.2,51.8467603,4.4612116
Beymen Rotterdam Zuidplein - Restaurant & Café,"Zuidplein 116, 3083 CX Rotterdam",beymenrotterdam.nl,010 760 6030,2099,4.1,51.8466653,4.4610818
BBQ HALAB مشاوي حلب,"Langenhorst 251, 3085 HE Rotterdam",,06 57010742,5,5.0,51.8467007,4.3994169
Nafoura Restaurant ( مطعم نافورة ),"Meyenhage 304, 3085 CH Rotterdam",nafourarestaurant.nl,010 818 1184,574,4.5,51.8467007,4.3994169
Nirvana by Hkiki Restaurant,"Oldegaarde 345, 3084 AA Rotterdam",nirvanarestaurant.nl,010 313 2729,1363,4.5,51.8467007,4.3994169
Hermanos Burgers & Shakes,"Slinge 159, 3085 ER Rotterdam",thuisbezorgd.nl,010 223 9643,162,4.3,51.8467007,4.3994169
Doydoy Doner & Pizza,"Asterlo 29-31, 3085 AD Rotterdam",,,1,5.0,51.8467007,4.3994169
Pizzeria Spaghetteria Il Carretto,"Vaerhorst 12 A, 3085 HS Rotterdam",ilcarretto.nl,010 481 0765,648,4.5,51.8467007,4.3994169
BBQ HALAB مشاوي حلب,"Langenhorst 251, 3085 HE Rotterdam",,06 57010742,5,5.0,51.8467007,4.3994169
Brasserie Koriander,"Kromme Zandweg 79, 3082 PZ Rotterdam",brasseriekoriander.nl,010 428 2843,1080,4.4,51.8838612,4.4536
Restobar Ta Lois,"Grondherendijk 1, 3082 DD Rotterdam",instagram.com,010 841 3179,63,4.9,51.8834612,4.4335033
UfO Restaurant,"Doklaan 30, 3081 AD Rotterdam",uforestaurant.nl,010 313 7313,628,4.4,51.8834612,4.4335033
Tante Sjaar,"Mezenhof 1, 3082 ZE Rotterdam",tantesjaar.nl,06 12992555,471,4.6,51.8834612,4.4335033
Hof Van Charlois,"Charloisse Kerksingel 2, 3082 DA Rotterdam",hofvancharlois.nl,,7,5.0,51.8834612,4.4335033
Turks Restaurant Kasap Rotterdam,"Charloisse Hoofd 28, 3087 CA Rotterdam",kasap.nl,010 229 8948,165,3.8,51.8834612,4.4335033
Brasserie Koriander,"Kromme Zandweg 79, 3082 PZ Rotterdam",brasseriekoriander.nl,010 428 2843,1080,4.4,51.8834612,4.4335033
Visspecialiteiten De Oceaan,"Plein 1953 1, 3086 ED Rotterdam",,010 480 4080,894,4.6,51.8834576,4.4335033
La Ventana Cuisine,"Papendrechtstraat 12, 3086 WN Rotterdam",,06 85802886,4,5.0,51.8834576,4.4335033
Nafoura Restaurant ( مطعم نافورة ),"Meyenhage 304, 3085 CH Rotterdam",nafourarestaurant.nl,010 818 1184,574,4.5,51.8834576,4.4335033
Dem Dem,"Plein 1953 51, 3086 EE Rotterdam",,010 480 7975,163,4.4,51.8834576,4.4335033
Mario Pizzeria-Restaurante,"Plein 1953 58, 3086 EE Rotterdam",restaurantmario.nl,010 210 0151,145,3.5,51.8834576,4.4335033
Nirvana by Hkiki Restaurant,"Oldegaarde 345, 3084 AA Rotterdam",nirvanarestaurant.nl,010 313 2729,1363,4.5,51.8834576,4.4335033
Visspecialiteiten De Oceaan,"Plein 1953 1, 3086 ED Rotterdam",,010 480 4080,894,4.6,51.8834576,4.4335033
La Ventana Cuisine,"Papendrechtstraat 12, 3086 WN Rotterdam",,06 85802886,4,5.0,51.8834576,4.4335033
Dem Dem,"Plein 1953 51, 3086 EE Rotterdam",,010 480 7975,163,4.4,51.8834576,4.4335033
Restaurant Rondo,"Zijpe 19, 3086 HZ Rotterdam",restaurantrondo.nl,010 786 7476,4,3.3,51.8834576,4.4335033
Restaurant Ela,"Baarlandhof 48, 3086 EB Rotterdam",,,0,0.0,51.8834576,4.4335033
Jeffrey's fastfood,"Krabbendijkestraat 95, 3086 LP Rotterdam",,010 751 0517,384,4.5,51.8834576,4.4335033
Pak Kai,"Zijpe 8, 3086 HZ Rotterdam",pakkai-rotterdam.nl,010 481 3218,142,4.3,51.8834576,4.4335033
Tante Sjaar,"Mezenhof 1, 3082 ZE Rotterdam",tantesjaar.nl,06 12992555,471,4.6,51.8834576,4.4335033
Brasserie Koriander,"Kromme Zandweg 79, 3082 PZ Rotterdam",brasseriekoriander.nl,010 428 2843,1080,4.4,51.8834576,4.4335033
La Ventana Cuisine,"Papendrechtstraat 12, 3086 WN Rotterdam",,06 85802886,4,5.0,51.8834576,4.4335033
Dem Dem,"Plein 1953 51, 3086 EE Rotterdam",,010 480 7975,163,4.4,51.8834576,4.4335033
La Cocotte,"Nieuwe Langeweg 21, 3194 DC Hoogvliet Rotterdam",lacocotte.nl,010 416 2473,791,4.3,51.883427,4.3717024
Restaurant Eetcafé Grill Tropical,"Middenbaan Noord 52, 3191 EH Hoogvliet Rotterdam",eetcafetropical-hoogvliet.nl,010 416 0686,227,3.6,51.8706989,4.227055
Sushi & Grill Restaurant Goya,"Rijkeeplein 11, 3191 VD Hoogvliet Rotterdam",sushigoya.nl,010 237 3391,1316,4.0,51.8706989,4.227055
Brasserie Me Moeder,"Cloese 203, 3191 ED Hoogvliet Rotterdam",,010 295 9292,581,4.3,51.8706989,4.227055
Eten To Go,"Wilhelm Tellplaats 1, 3194 HS Hoogvliet Rotterdam",etentogo.nl,010 229 9351,88,3.4,51.8706989,4.227055
Mister Wong,"Middenbaan Noord 136, 3191 EL Hoogvliet Rotterdam",mister-wong.nl,010 438 6965,500,3.9,51.8706989,4.227055
Sense of China,"Middenbaan Noord 202, 3191 EL Hoogvliet Rotterdam",senseofchina.nl,010 438 3588,1263,4.3,51.8706989,4.227055
t Tramhuys Hoogvliet,"Groene Kruisweg 819, 3191 VC Hoogvliet Rotterdam",tramhuyshvt.nl,010 223 2422,353,4.3,51.8706989,4.227055
La Cocotte,"Nieuwe Langeweg 21, 3194 DC Hoogvliet Rotterdam",lacocotte.nl,010 416 2473,791,4.3,51.8706989,4.227055
Brasserie Me Moeder,"Cloese 203, 3191 ED Hoogvliet Rotterdam",,010 295 9292,581,4.3,51.8706989,4.227055
Brasserie Me Moeder,"Cloese 203, 3191 ED Hoogvliet Rotterdam",,010 295 9292,581,4.3,51.8607632,4.3424188
SAKURA Hoogvliet,"Aveling 233, 3193 LE Hoogvliet Rotterdam",sakurahoogvliet.nl,010 438 8881,317,4.9,51.8650692,4.3209636
Restaurant Eetcafé Grill Tropical,"Middenbaan Noord 52, 3191 EH Hoogvliet Rotterdam",eetcafetropical-hoogvliet.nl,010 416 0686,227,3.6,51.8650692,4.3209636
Sushi & Grill Restaurant Goya,"Rijkeeplein 11, 3191 VD Hoogvliet Rotterdam",sushigoya.nl,010 237 3391,1316,4.0,51.8650692,4.3209636
La Cocotte,"Nieuwe Langeweg 21, 3194 DC Hoogvliet Rotterdam",lacocotte.nl,010 416 2473,791,4.3,51.8650692,4.3209636
Eetcafé Eddy,"Kruisnetlaan 329, 3192 KB Hoogvliet Rotterdam",eetcafeeddy.nl,010 416 4451,170,4.1,51.8650692,4.3209636
Brasserie Me Moeder,"Cloese 203, 3191 ED Hoogvliet Rotterdam",,010 295 9292,581,4.3,51.8650692,4.3209636
Restaurant La Caleta,"Raadhuisplein 4A, 3181 CG Rozenburg",lacaleta.nl,0181 214 342,327,4.4,51.9033735,4.2394678
't hofplein eten & drinken,"Molenweg 55, 3181 AT Rozenburg",thofplein.nl,06 51128036,151,4.4,51.9033735,4.2394678
LEEN Restaurant & Club,"Molenweg 26, 3181 AT Rozenburg",clubleen.nl,0181 859 779,224,4.5,51.9047468,4.230913
Hotel Rozenburg-Brasserie Noortje,"Emmastraat 26, 3181 GE Rozenburg",hotel-rozenburg.nl,0181 212 121,247,4.3,51.9047468,4.230913
Cafetaria Familieland Rozenburg,"Molenweg 45, 3181 AT Rozenburg",,0181 218 718,151,4.2,51.9047468,4.230913
Chinees Indisch Restaurant Ni-Hau,"Molenweg 69, 3181 AT Rozenburg",foodtown.nl,0181 213 666,107,3.8,51.9047468,4.230913
Restaurant La Caleta,"Raadhuisplein 4A, 3181 CG Rozenburg",lacaleta.nl,0181 214 342,327,4.4,51.9047468,4.230913
't hofplein eten & drinken,"Molenweg 55, 3181 AT Rozenburg",thofplein.nl,06 51128036,151,4.4,51.9047468,4.230913
Cafetaria Familieland Rozenburg,"Molenweg 45, 3181 AT Rozenburg",,0181 218 718,151,4.2,51.9047468,4.230913
Eten & Zo,"Amerikaweg 1, 2717 AV Zoetermeer",etenenzozoetermeer.nl,079 320 0530,4179,4.2,52.0562559,4.4483797
Le Club BBQ Restaurant,"Dorpsstraat 114a, 2712 AN Zoetermeer",leclubbbq.nl,079 785 1565,583,4.5,52.0645487,4.3918189
Pizzeria Alvero,"Paul Scholtenrode 55, 2717 HC Zoetermeer",pizzeriaalvero.nl,079 785 1383,164,3.4,52.0645487,4.3918189
Bonjour Vietnam,"Plaats 17, 2711 AW Zoetermeer",bonjourvietnam.nl,079 360 8780,408,4.5,52.0645487,4.3918189
Restaurant Bo & Ro,"Dorpsstraat 2a, 2712 AK Zoetermeer",bo-ro.nl,079 888 1223,676,4.5,52.0645487,4.3918189
Zaytoona,"Dorpsstraat 99B, 2712 AE Zoetermeer",zaytoona.nl,06 84539023,434,4.8,52.0645487,4.3918189
Eten & Zo,"Amerikaweg 1, 2717 AV Zoetermeer",etenenzozoetermeer.nl,079 320 0530,4179,4.2,52.0645487,4.3918189
Restaurant Hudson Zoetermeer,"Hugo de Grootlaan 2, 2729 NC Zoetermeer",restauranthudson.nl,079 740 0040,1603,4.1,52.0728396,4.4910099
Restaurant De Beren Zoetermeer,"Aziëweg 5, 2725 KE Zoetermeer",beren.nl,079 870 0466,2146,4.0,52.0728396,4.4910099
Bregje Zoetermeer,"Oostwaarts 27, 2711 BA Zoetermeer",bregje.nl,079 303 0362,1095,3.7,52.0728396,4.4910099
SHABU SHABU Zoetermeer,"Denemarkenlaan 83, 2711 EN Zoetermeer",shabushabu.nl,079 342 5632,2067,4.3,52.0619898,4.4583088
La Cubanita Zoetermeer,"Oostwaarts 19, 2711 BA Zoetermeer",lacubanita.nl,079 319 0806,1080,3.9,52.0619898,4.4583088
Restaurant Hudson Zoetermeer,"Hugo de Grootlaan 2, 2729 NC Zoetermeer",restauranthudson.nl,079 740 0040,1603,4.1,52.0655596,4.382823
Restaurant Hudson Zoetermeer,"Aziëweg 5, 2725 KE Zoetermeer",beren.nl,079 870 0466,2146,4.0,52.0655596,4.382823
Bregje Zoetermeer,"Oostwaarts 27, 2711 BA Zoetermeer",bregje.nl,079 303 0362,1095,3.7,52.0622551,4.4739946
SHABU SHABU Zoetermeer,"Denemarkenlaan 83, 2711 EN Zoetermeer",shabushabu.nl,079 342 5632,2067,4.3,52.0622551,4.4739946
La Cubanita Zoetermeer,"Oostwaarts 19, 2711 BA Zoetermeer",lacubanita.nl,079 319 0806,1080,3.9,52.0622551,4.4739946
Restaurant Hudson Zoetermeer,"Hugo de Grootlaan 2, 2729 NC Zoetermeer",restauranthudson.nl,079 740 0040,1603,4.1,52.0622551,4.4739946
Restaurant De Beren Zoetermeer,"Aziëweg 5, 2725 KE Zoetermeer",beren.nl,079 870 0466,2146,4.0,52.068423,4.5077418
Bregje Zoetermeer,"Oostwaarts 27, 2711 BA Zoetermeer",bregje.nl,079 303 0362,1095,3.7,52.083994,4.4800941
Restaurant Hudson Zoetermeer,"Hugo de Grootlaan 2, 2729 NC Zoetermeer",restauranthudson.nl,079 740 0040,1603,4.1,52.0619898,4.4583088
Restaurant De Beren Zoetermeer,"Aziëweg 5, 2725 KE Zoetermeer",beren.nl,079 870 0466,2146,4.0,52.068423,4.4931277
Bregje Zoetermeer,"Oostwaarts 27, 2711 BA Zoetermeer",bregje.nl,079 303 0362,1095,3.7,52.068423,4.4931277
Vishandel Oosterheem,"Oosterheemplein 412, 2721 NG Zoetermeer",,079 785 3999,205,4.6,52.0619862,4.4583088
Vishandel Oosterheem,"Oosterheemplein 412, 2721 NG Zoetermeer",,079 785 3999,205,4.6,52.060381,4.5049601
Grieks Restaurant Olivia,"Westerschelde 370, 2721 NN Zoetermeer",oliviaoosterheem.nl,079 888 4198,433,4.6,52.060381,4.5049601
Mas Dushi Ku Lekker (Zoetermeer),"Newtonstraat 61, 2723 RL Zoetermeer",masdushikulekker.nl,06 25302863,15,4.9,52.060381,4.5049601
Bradazz,"Willem Dreeslaan 182, 2729 NK Zoetermeer",bradazz.nl,079 360 2666,121,4.3,52.0609425,4.4864252
مطعم البوادي Albwadi restaurant,"Sullivanlijn 25, 2728 BR Zoetermeer",albawadi.nl,06 87317423,31,4.9,52.0609425,4.4864252
Vishandel Oosterheem,"Oosterheemplein 412, 2721 NG Zoetermeer",,079 785 3999,205,4.6,52.0609425,4.4864252
Restaurant Hudson Zoetermeer,"Hugo de Grootlaan 2, 2729 NC Zoetermeer",restauranthudson.nl,079 740 0040,1603,4.1,52.060381,4.5049601
Tapasbar Plan B,,,,538,4.3,51.585688,4.7648384
Blue Dog Breda,,,,275,4.6,51.589731,4.7403641
Passion,"Brabantplein 16, 4817 LR Breda",passion.sitedish.shop,076 230 5333,13,4.8,51.589731,4.7403641
HFC Breda,"Brabantplein 31, 4817 LR Breda",hfcnederland.nl,076 785 1420,353,4.0,51.5909015,4.7654682
Restaurant La Luna,"Boschstraat 86, 4811 GJ Breda",lalunarestaurant.nl,076 532 3994,132,4.5,51.5909015,4.7654682
Restaurant Da Vinci | Restaurant Pizzeria Breda,"Brabantplein 33, 4817 LR Breda",davincirestaurant.nl,076 522 0046,119,4.8,51.5905219,4.7467612
Tapasbar Plan B,"Kasteelplein 2, 4811 XC Breda",tapasbarplanb.nl,06 28404394,538,4.3,51.5905219,4.7467612
Blue Dog Breda,"Karnemelkstraat 20a, 4811 KJ Breda",bluedogbreda.nl,076 303 0525,275,4.6,51.5905219,4.7467612
Passion,"Brabantplein 16, 4817 LR Breda",passion.sitedish.shop,076 230 5333,13,4.8,51.5905219,4.7467612
Prinsenbeek,"Markt, 4841 AC Prinsenbeek",,076 541 9458,21,4.7,51.5904913,4.6849603
Brasserie Boschdal,"Weimersedreef 19, 4841 KG Prinsenbeek",brasserieboschdal.nl,076 700 2976,48,4.7,51.6011338,4.574302
Eetcafé de Swaen,"Markt 29, 4841 AA Prinsenbeek",eetcafedeswaen.nl,076 541 8805,351,4.4,51.6011338,4.574302
Restaurant Pasta & Pesto,"Markt 10, 4841 AC Prinsenbeek",pastaenpesto.nl,076 541 2207,385,4.3,51.6011338,4.574302
Janssen en Van Dongen,"Loopstraat 4, 4841 AD Prinsenbeek",janssenenvandongen.nl,076 303 6295,91,4.6,51.6011338,4.574302
Sushi Eight Prinsenbeek,"Markt 21, 4841 AA Prinsenbeek",sushi-eight.nl,06 47225216,66,4.8,51.6011338,4.574302
